aX,aY,aZ,gX,gY,gZ
-0.495,1.358,1.336,27.710,-280.945,290.283
-0.444,1.627,1.664,82.886,-239.868,136.108
-0.271,1.399,1.606,12.207,-151.367,17.212
-0.220,1.116,1.165,125.549,-101.868,-30.151
-0.171,1.387,1.273,105.164,-113.403,-46.143
-0.102,1.484,1.231,51.086,-102.966,-96.985
-0.021,0.578,1.405,70.313,-108.215,-203.064
-0.020,0.694,1.747,97.290,-78.552,-155.640
-0.003,1.573,1.730,142.456,-40.283,-171.753
-0.180,1.208,1.509,155.151,8.850,-310.730
-0.443,0.539,1.428,141.846,17.395,-375.488
-0.566,-0.602,1.551,81.726,7.935,-438.660
-0.617,-1.107,1.962,-38.940,-23.315,-483.582
-1.005,-1.827,2.646,0.732,-4.089,-477.783
-1.295,-3.092,2.778,79.651,108.093,-389.282
-1.166,-3.142,2.449,122.375,195.740,-208.801
-0.698,-1.927,1.527,145.691,264.832,-2.808
-0.581,-1.453,1.276,38.879,281.250,-5.920
-0.676,-1.957,0.820,-10.742,297.363,-66.528
-0.816,-2.296,0.699,-41.992,274.109,-53.345
-0.702,-1.916,1.045,-184.814,272.156,-3.052
-0.836,-1.561,0.793,-210.205,316.650,26.978
-0.730,-1.272,0.426,-124.817,323.853,46.326
-0.666,-1.069,0.381,23.254,274.963,66.833
-0.638,-0.947,0.257,68.848,272.339,95.459
-0.583,-0.566,-0.160,110.596,282.227,135.620
-0.435,-0.368,-0.417,63.843,257.263,143.433
-0.332,-0.336,-0.200,104.370,190.674,125.244
-0.175,-0.238,-0.336,106.079,200.195,143.372
-0.001,0.240,-0.731,163.391,204.102,195.984
0.137,0.579,-0.848,205.811,116.394,177.795
0.324,0.684,-0.701,155.945,54.871,130.005
0.471,0.502,-0.506,74.280,23.499,85.876
0.657,0.680,-0.354,62.317,-5.066,95.154
0.745,0.972,-0.357,56.519,-12.634,100.464
0.831,0.803,-0.220,18.311,-39.124,24.841
0.990,0.536,0.074,6.897,-41.687,16.907
1.051,0.606,0.076,1.587,-23.193,25.024
1.161,0.756,0.058,3.784,-17.761,15.503
1.162,0.734,0.099,35.522,-16.724,-3.784
1.238,0.632,-0.186,-3.357,7.507,-21.423
1.218,0.527,-0.112,-28.503,-15.076,-31.128
1.170,0.131,0.124,-54.810,-26.306,-45.044
1.189,0.078,0.043,-44.250,-3.052,-21.667
1.064,0.089,0.022,-13.977,-2.991,-27.954
1.066,-0.076,-0.130,-15.564,7.385,-31.067
1.000,-0.165,-0.113,-9.155,-1.099,-24.292
1.011,-0.119,0.031,-1.953,-15.503,1.099
1.000,0.057,0.277,27.039,-24.902,-1.648
1.016,-0.062,0.382,80.200,5.371,-16.846
0.976,-0.022,0.227,81.177,38.574,-20.325
0.949,-0.258,-0.213,113.220,65.796,-29.175
0.988,0.067,-0.123,74.768,35.828,3.052
0.923,-0.153,-0.228,75.439,34.058,-12.085
0.921,-0.167,-0.321,52.490,24.292,-2.747
0.951,-0.075,-0.416,42.358,-1.953,24.292
0.958,0.024,-0.063,45.471,-29.785,29.114
0.922,0.048,-0.055,52.917,-1.404,14.038
0.917,-0.054,-0.251,104.919,8.179,1.526
0.875,0.019,-0.309,103.394,-8.423,11.414
0.953,0.130,-0.175,79.773,-22.949,18.982
1.006,-0.081,0.162,67.078,-10.132,1.404
0.993,0.029,0.102,88.562,14.648,8.362
0.965,-0.146,-0.313,89.722,28.320,-7.568
0.934,0.001,-0.174,2.136,-3.418,5.310
0.986,0.097,-0.126,-57.678,-10.437,-2.930
0.980,0.070,-0.073,-74.280,-21.057,-10.620
0.980,-0.103,-0.003,-78.552,-15.198,-23.987
1.024,-0.001,-0.036,-53.589,-9.644,-16.296
1.021,-0.214,0.014,-28.687,-4.028,-27.466
0.965,-0.039,-0.072,-6.958,11.292,3.845
0.965,0.128,-0.202,29.419,12.451,2.808
0.968,-0.131,-0.132,-17.700,-2.380,-14.832
0.991,-0.027,-0.012,-27.039,-5.005,-1.770
0.993,-0.072,-0.176,-18.982,6.165,-8.118
0.992,0.141,-0.190,-41.382,-18.311,0.610
0.962,0.132,-0.070,-19.836,-26.001,-5.249
0.951,-0.017,-0.023,-7.812,-12.939,-20.203
0.912,0.043,-0.105,34.485,-2.991,-12.390
0.965,-0.154,-0.115,35.278,-14.160,-2.441
1.048,0.001,-0.079,33.020,-36.499,10.254
0.908,-0.046,-0.081,32.349,-39.978,2.502
0.925,-0.118,0.018,12.024,-51.636,2.380
0.852,0.163,0.049,10.742,-37.903,20.447
0.956,0.060,0.033,14.832,-33.813,-17.029
0.921,-0.261,0.280,87.097,-24.841,-8.728
1.035,-0.340,0.334,72.266,26.917,32.410
0.969,0.125,0.184,173.645,35.828,100.952
1.020,0.516,0.127,134.094,38.940,95.337
1.065,0.002,-0.259,-31.921,46.448,-20.874
0.969,-0.245,-0.237,-95.276,12.390,-14.343
0.995,0.120,0.115,-126.831,-10.864,29.968
0.990,0.244,0.158,-141.907,5.554,12.695
0.965,-0.045,0.034,-108.704,36.316,-30.579
0.920,-0.242,0.022,-92.773,40.710,-21.729
0.993,-0.123,-0.230,-15.137,50.171,0.366
0.986,0.151,-0.363,-50.659,23.193,9.094
0.975,0.047,-0.083,-74.585,-20.142,-22.766
0.980,-0.112,-0.070,-66.589,-12.634,-25.146
1.002,0.037,-0.155,-66.101,-11.475,-5.859
1.003,-0.084,-0.030,-74.829,-10.803,-8.240
1.010,-0.070,-0.117,-71.106,-5.615,2.686
1.013,0.117,0.040,-44.250,-13.306,5.005
1.017,-0.059,0.040,-36.804,-2.991,-7.202
1.001,0.101,0.055,-2.869,4.456,7.874
0.999,0.077,-0.052,6.531,11.719,-1.160
0.991,-0.015,-0.003,2.563,2.075,-7.385
0.983,-0.049,0.020,-8.423,8.423,-3.601
0.972,-0.047,-0.179,-42.419,11.841,-2.136
0.996,-0.081,-0.016,-27.100,-12.146,-6.653
0.994,-0.094,0.023,-19.836,-5.432,-1.709
1.000,-0.016,-0.030,-18.250,2.625,4.089
0.992,-0.047,-0.014,-2.502,5.798,0.366
0.984,0.012,-0.154,8.789,13.184,4.272
0.993,-0.017,-0.139,5.493,2.686,-0.671
1.009,-0.107,-0.065,7.629,-6.409,-2.258
1.002,-0.049,-0.004,7.874,-7.812,2.014
1.003,-0.045,-0.001,2.075,1.953,1.526
0.978,-0.041,-0.076,0.061,2.869,-0.488

-0.453,0.522,1.968,96.436,-290.649,-6.592
-0.572,0.567,2.707,50.964,-322.815,-50.110
-0.600,0.268,3.143,28.625,-201.233,-110.168
-0.474,0.531,2.151,104.858,-43.091,-97.473
-0.465,0.485,1.600,109.009,-19.043,-143.005
-0.575,-0.195,1.894,63.721,-64.026,-227.112
-0.592,-0.478,2.192,37.537,-48.218,-227.234
-0.320,-0.096,2.306,40.588,-4.517,-180.664
-0.401,0.481,2.632,10.742,14.648,-197.083
-0.598,0.284,2.490,2.380,82.153,-268.005
-0.600,-0.378,1.843,-25.330,130.798,-352.173
-0.563,-0.458,1.944,-28.748,97.168,-338.501
-0.589,-0.476,2.032,-26.001,110.168,-346.191
-0.682,-0.863,2.129,-34.180,134.277,-371.643
-0.887,-1.469,2.176,-1.038,177.673,-353.455
-0.700,-1.915,1.607,14.648,262.329,-265.015
-0.494,-1.575,1.218,35.583,272.400,-154.785
-0.319,-0.530,1.115,56.946,250.916,-75.684
-0.393,-1.028,0.810,10.315,251.099,-147.522
-0.339,-1.469,0.692,13.916,233.643,-139.404
-0.207,-1.177,0.543,64.148,208.130,-55.054
-0.174,-1.116,0.483,39.734,202.942,-45.959
-0.076,-1.034,0.387,14.343,181.885,-26.794
0.013,-0.968,0.314,17.517,153.320,-23.315
0.065,-1.003,0.383,20.020,125.488,-25.696
-0.082,-1.174,0.484,36.804,101.868,-21.057
0.009,-1.123,0.668,10.132,102.966,1.709
-0.072,-0.988,0.571,59.204,138.367,38.208
-0.087,-0.850,0.312,90.088,147.278,64.148
-0.030,-0.676,0.192,86.548,114.075,92.346
-0.024,-0.632,0.262,107.666,94.910,100.952
-0.034,-0.640,0.483,85.327,98.572,113.159
-0.005,-0.542,0.412,105.408,120.056,131.653
0.013,-0.024,0.047,168.762,131.775,181.824
0.113,0.192,-0.179,153.870,113.770,180.603
0.252,0.184,-0.011,70.557,42.542,145.935
0.288,0.246,0.051,65.674,33.569,141.357
0.394,0.457,-0.117,91.431,27.893,136.719
0.466,0.487,-0.118,91.125,7.446,119.507
0.517,0.362,0.009,46.326,-2.197,97.046
0.570,0.510,-0.021,59.814,4.639,97.290
0.644,0.472,-0.143,54.016,0.732,76.172
0.943,0.941,0.017,56.458,-35.828,88.013
1.110,1.120,0.193,63.354,-45.715,93.384
1.245,1.070,0.406,55.603,-13.062,37.720
1.284,0.880,0.193,42.542,15.808,-10.864
1.346,0.558,0.186,12.756,15.137,-20.142
1.296,0.482,0.312,26.489,25.879,-14.160
1.245,0.581,0.101,6.165,44.189,-11.414
1.208,0.290,0.069,-9.766,30.396,-39.612
1.182,0.086,0.182,-23.621,19.104,-28.748
1.125,0.043,0.088,-43.823,28.442,-25.391
1.073,0.038,0.025,-26.489,22.949,-16.113
1.078,-0.064,0.152,-0.488,24.780,-17.212
1.048,0.009,0.083,20.020,48.889,-2.014
0.984,0.006,-0.021,19.287,55.786,-2.502
0.934,-0.035,-0.237,0.977,57.556,-0.305
0.929,0.002,-0.269,-0.671,40.649,7.202
0.932,0.091,-0.130,17.029,23.071,8.911
0.911,0.021,-0.150,22.461,27.100,3.967
0.923,0.215,-0.125,19.531,25.879,14.404
0.911,0.270,-0.216,10.376,29.175,5.615
0.917,0.193,-0.256,2.075,12.512,-9.399
0.941,0.120,-0.188,-2.625,-0.244,-16.357
0.931,0.073,-0.112,-1.465,-2.808,-14.954
0.927,0.018,-0.147,-2.197,1.587,-14.587
0.911,0.038,-0.200,-3.906,0.183,-7.996
0.937,0.005,-0.167,-17.151,-2.380,-6.409
0.972,0.125,-0.163,-5.371,-2.258,-5.859
0.981,0.015,-0.158,6.042,-9.277,-18.982
0.983,-0.091,-0.064,9.338,-12.207,-19.897
0.997,0.008,-0.103,15.076,-2.136,-5.249
1.005,0.016,-0.103,10.071,-5.127,-6.592
1.003,-0.035,-0.154,3.662,-2.869,-3.723
1.016,0.016,-0.075,-1.038,-10.986,1.038
1.032,-0.010,-0.105,-5.127,-6.531,-0.793
1.020,0.013,-0.032,-5.249,-7.202,3.967
0.989,-0.002,-0.071,-5.615,-0.488,-1.526
1.000,-0.041,0.001,0.977,-4.700,4.517
0.995,0.034,-0.081,0.366,6.531,5.432
0.978,0.019,-0.075,-6.042,4.333,5.005
0.974,0.050,-0.143,-3.479,8.972,6.775
0.962,0.002,-0.153,-6.104,6.165,3.113
0.966,0.042,-0.118,4.089,0.732,7.324
0.975,0.099,-0.109,6.104,2.686,4.456
0.981,0.018,-0.130,3.601,1.343,-1.892
0.974,0.009,-0.078,-1.587,-0.977,-1.099
0.977,0.062,-0.083,-3.174,0.427,-0.061
0.985,0.037,-0.108,-2.258,3.052,-3.967
0.982,0.037,-0.090,-4.639,1.465,-1.038
0.990,0.038,-0.148,-0.732,1.648,-4.333
0.977,-0.012,-0.105,3.723,-0.671,-3.540
0.978,-0.030,-0.141,3.235,2.136,1.099
0.978,0.035,-0.105,3.540,-0.610,3.967
0.984,0.032,-0.109,5.615,1.953,1.587
0.977,0.008,-0.110,5.310,-0.183,0.061
0.990,0.078,-0.073,-0.793,-0.305,3.174
1.000,0.042,-0.095,-3.967,2.319,-0.610
0.994,0.039,-0.085,-3.296,4.639,1.892
0.984,0.065,-0.123,-3.113,7.324,0.488
0.973,-0.066,-0.146,-1.221,4.211,-2.502
0.974,-0.002,-0.087,2.136,0.854,3.784
0.989,-0.039,-0.162,2.258,2.869,-0.916
0.985,0.030,-0.067,1.709,-2.197,5.737
0.984,0.056,-0.115,-0.366,3.784,-0.427
0.974,-0.008,-0.134,-1.709,4.333,-1.343
0.969,0.033,-0.137,0.000,4.517,0.000
0.957,-0.046,-0.146,0.061,4.883,-2.930
0.972,-0.000,-0.120,3.418,3.784,4.028
0.976,0.058,-0.173,7.080,6.470,2.014
0.974,-0.035,-0.171,3.418,1.221,-1.343
0.973,0.006,-0.125,5.310,-0.183,2.747
0.986,0.030,-0.121,2.747,0.000,1.343
0.980,0.055,-0.116,2.625,1.648,1.404
0.974,0.002,-0.131,0.732,1.038,-0.793
0.977,0.021,-0.116,3.052,0.122,0.244
0.966,-0.030,-0.108,2.686,3.052,0.671
0.966,0.053,-0.147,6.042,5.981,5.737
0.956,0.067,-0.168,1.465,2.930,-1.221

-0.753,0.783,1.831,175.476,-418.091,37.109
-0.622,0.852,2.236,131.531,-381.226,-30.762
-0.632,0.393,2.513,87.524,-305.725,-145.447
-0.639,0.104,2.512,56.030,-261.414,-187.500
-0.758,-0.511,2.928,9.521,-254.333,-231.140
-0.629,-0.585,3.038,-14.465,-169.373,-163.330
-0.413,0.123,3.018,111.328,-125.061,-125.977
-0.635,0.289,3.057,138.245,-19.165,-195.618
-0.857,-0.282,2.778,118.896,66.345,-273.132
-0.801,-0.886,1.934,102.600,160.828,-284.424
-0.604,-0.614,1.583,83.435,163.086,-224.670
-0.460,-0.037,1.826,10.437,122.986,-196.289
-0.555,0.022,2.066,4.272,121.826,-231.995
-0.793,-0.733,1.710,-24.048,196.655,-328.125
-0.752,-1.176,1.512,0.671,200.073,-382.935
-0.522,-1.171,1.545,12.634,192.444,-296.387
-0.754,-1.105,1.610,39.734,217.285,-214.294
-0.971,-1.474,1.427,57.800,250.854,-237.488
-1.004,-1.810,0.965,83.008,298.706,-183.167
-1.007,-1.652,0.510,137.756,312.805,-104.431
-0.925,-1.605,0.072,123.840,261.047,-57.800
-0.807,-1.829,0.190,15.442,171.631,-20.386
-0.662,-1.789,0.745,16.724,156.067,44.861
-0.528,-1.100,0.584,121.704,209.717,141.968
-0.405,-0.730,0.139,154.602,232.056,164.246
-0.184,-0.544,-0.051,125.122,180.908,146.973
-0.146,-0.630,0.212,94.604,151.245,128.479
-0.140,-0.641,0.058,81.970,172.546,139.709
-0.061,-0.510,-0.134,86.914,166.870,154.724
0.052,-0.366,-0.068,92.102,123.840,163.574
0.124,-0.136,-0.083,102.478,102.844,174.133
0.192,-0.046,-0.197,102.905,78.003,150.818
0.302,-0.081,-0.193,88.623,48.340,138.367
0.478,-0.071,0.118,34.668,10.864,134.644
0.567,0.209,0.277,63.538,15.320,149.475
0.692,0.444,0.064,73.853,51.941,137.878
0.783,0.581,-0.109,59.998,40.771,126.953
0.862,0.672,-0.072,42.908,1.648,88.745
0.962,0.475,0.073,23.621,-4.578,63.293
0.975,0.629,0.066,43.579,-4.211,66.528
1.047,0.853,0.060,53.223,-14.038,39.734
1.082,0.695,0.130,30.090,-10.132,4.944
1.089,0.465,0.271,3.967,4.639,-11.169
1.069,0.255,0.164,-6.775,25.085,-15.137
1.087,0.351,0.057,0.305,26.672,0.610
1.037,0.348,-0.002,7.263,25.696,-6.592
1.009,0.205,-0.045,6.104,18.311,-14.587
1.005,0.142,-0.052,2.319,13.733,-14.404
0.951,0.080,-0.016,-2.625,10.437,-9.583
0.939,0.056,-0.016,-6.531,14.587,-4.150
0.949,0.168,-0.076,0.305,12.695,0.854
0.955,0.089,-0.097,1.953,8.789,-8.972
0.991,0.043,-0.037,4.639,1.892,-9.766
0.996,0.013,-0.030,-0.732,4.822,-10.071
0.983,0.003,-0.118,-5.066,4.211,-10.132
0.989,-0.084,-0.010,1.465,-3.845,-7.935
0.992,-0.016,-0.025,9.399,3.418,-2.197
0.992,-0.057,-0.081,5.188,2.686,-6.042
0.978,-0.002,0.004,3.113,-1.160,-1.709
0.986,-0.104,-0.017,-0.488,7.202,-3.845
0.981,0.019,-0.071,8.545,8.972,-0.366
0.966,-0.061,-0.060,2.319,8.423,-6.042
0.955,-0.063,-0.108,8.057,7.751,-3.113
0.948,-0.129,-0.114,-2.014,5.859,-3.967
0.965,-0.129,-0.069,-1.221,0.854,4.944
0.975,-0.058,-0.122,-0.061,4.578,9.277
0.995,-0.013,-0.105,2.258,-1.648,9.766
0.983,0.085,-0.025,5.737,-1.221,7.263
0.999,-0.036,-0.060,2.808,6.165,-0.916
1.003,0.070,-0.083,10.925,4.639,5.737
1.006,0.043,-0.095,5.554,2.930,-1.404
1.002,-0.073,-0.054,-1.465,2.502,-1.770
1.001,0.011,-0.071,1.526,4.700,2.625
0.999,-0.071,-0.080,-5.249,3.906,-1.770
1.000,-0.037,-0.045,1.343,1.404,4.578
0.992,-0.005,-0.080,4.822,6.653,1.770
0.982,-0.004,-0.089,-0.916,4.272,2.747
0.989,0.038,-0.071,-1.831,4.944,1.465
0.975,-0.034,-0.096,-3.784,6.226,-1.648
0.976,-0.028,-0.119,-0.793,5.493,0.305
0.975,0.010,-0.099,0.916,3.174,1.648
0.972,-0.001,-0.117,-0.305,3.479,0.122
0.972,0.009,-0.143,-4.639,5.188,1.709
0.974,0.011,-0.098,-5.920,0.732,1.038
0.973,-0.023,-0.106,-0.793,5.798,-1.831
0.984,0.005,-0.091,0.366,1.648,1.892
0.989,0.011,-0.083,1.282,2.197,-0.366
0.979,-0.047,-0.100,-2.625,2.441,-0.183
0.974,-0.028,-0.108,-2.014,1.221,1.465
0.977,-0.026,-0.093,1.221,-0.488,-0.122
0.982,-0.008,-0.092,-1.343,0.610,1.953
0.979,-0.035,-0.117,-4.822,1.221,-1.343
0.978,0.036,-0.140,2.197,0.427,4.333
0.974,-0.039,-0.131,-1.099,-0.916,-1.709
0.986,0.018,-0.100,5.371,-3.845,0.610
0.981,-0.025,-0.061,-1.343,-2.197,-1.526
0.992,-0.036,-0.097,-2.380,-0.183,0.366
0.989,0.006,-0.053,0.427,0.366,1.282
0.995,-0.033,-0.108,1.465,3.113,-1.221
0.993,-0.002,-0.072,4.822,0.427,0.854
0.994,-0.059,-0.139,1.221,3.967,-1.038
0.995,0.019,-0.030,3.357,-4.089,2.380
0.989,-0.008,-0.070,1.953,2.869,-0.916
0.979,-0.018,-0.117,3.601,1.282,0.000
0.989,-0.035,-0.090,0.488,0.427,-0.427
0.974,-0.014,-0.089,2.502,1.160,2.136
0.980,-0.005,-0.094,0.732,0.061,1.892
0.989,0.027,-0.079,4.028,-0.061,2.319
0.988,-0.021,-0.109,3.601,1.709,-1.099
0.972,-0.032,-0.083,3.601,0.122,-0.732
0.969,-0.041,-0.102,1.404,3.418,1.953
0.974,0.001,-0.134,2.625,3.113,2.808
0.967,-0.065,-0.108,0.549,-0.061,-0.183
0.974,-0.039,-0.109,3.052,-0.183,4.700
0.987,0.039,-0.077,2.380,0.549,3.174
0.981,0.004,-0.096,1.526,3.723,0.122
0.973,-0.027,-0.150,-1.770,3.662,-0.610
0.977,-0.018,-0.065,1.953,-2.747,-0.183
0.982,-0.051,-0.076,1.648,0.854,-0.793

0.027,0.061,2.634,39.185,-173.401,-168.884
-0.150,-0.077,2.645,44.739,-89.600,-204.041
-0.192,-0.759,2.413,-4.272,-11.108,-256.104
-0.060,-0.775,2.289,21.301,35.217,-198.914
-0.058,-0.410,1.891,47.974,75.623,-175.171
-0.230,-0.288,1.798,-1.221,52.979,-224.426
-0.346,-0.787,2.210,-83.435,35.706,-280.945
-0.159,-1.337,2.283,-96.497,100.952,-261.475
-0.059,-0.797,1.517,63.965,179.687,-163.635
-0.116,-0.799,1.287,48.462,179.138,-179.504
-0.449,-1.442,1.820,5.737,158.203,-220.154
-0.607,-2.245,1.896,-52.124,199.463,-242.859
-0.548,-2.316,1.409,-8.179,269.104,-105.225
-0.326,-1.103,0.784,58.899,260.986,-8.118
-0.281,-1.320,0.706,6.653,235.779,-59.937
-0.238,-1.654,0.757,-1.587,221.069,-50.476
-0.235,-1.369,0.688,22.705,223.694,-14.099
-0.193,-1.461,0.393,8.362,230.164,-19.470
-0.282,-1.576,0.141,23.010,219.788,-1.953
-0.293,-1.636,0.021,21.606,205.200,17.578
-0.248,-1.591,0.050,16.968,163.696,62.012
-0.184,-1.320,0.154,18.982,147.034,91.003
-0.147,-1.106,0.044,58.105,133.301,98.022
-0.109,-1.134,0.030,57.495,112.183,98.450
-0.133,-1.009,0.132,62.073,93.689,126.099
-0.132,-0.882,0.096,55.786,95.154,144.531
-0.073,-0.487,0.133,80.994,83.313,169.617
-0.048,-0.377,-0.020,94.116,78.674,163.025
0.054,-0.286,-0.108,83.374,44.189,156.250
0.090,-0.294,-0.024,78.613,11.475,152.283
0.183,-0.078,0.146,70.862,-1.160,168.884
0.245,0.210,0.188,77.209,7.446,164.490
0.335,0.222,0.032,71.167,11.963,133.545
0.380,0.217,-0.004,66.589,0.366,124.695
0.477,0.333,-0.008,66.101,-15.442,119.629
0.612,0.484,-0.002,61.707,-30.090,114.502
0.782,0.728,0.180,70.862,-51.697,97.534
0.863,0.712,0.292,72.021,-47.180,64.941
0.931,0.438,0.162,52.673,-25.757,34.790
0.987,0.474,0.136,49.561,-32.532,39.368
1.074,0.538,0.383,21.729,-40.955,42.358
1.123,0.782,0.441,27.649,-31.128,50.842
1.144,0.744,0.367,7.874,-9.705,9.644
1.180,0.565,0.353,5.981,-9.827,-5.615
1.171,0.581,0.427,13.794,-9.521,-9.338
1.144,0.437,0.340,8.850,-2.930,-23.499
1.074,0.247,0.482,-3.540,-5.432,-24.597
1.035,0.225,0.451,0.610,6.409,-18.921
1.003,0.082,0.322,-10.315,13.794,-18.677
0.994,0.041,0.332,-8.667,9.033,-9.827
1.021,0.036,0.279,-6.470,14.160,-1.648
1.016,0.080,0.187,-8.728,17.700,4.150
0.978,0.245,0.072,-6.836,15.015,3.906
0.953,0.096,0.001,-4.395,4.395,-16.663
0.938,-0.045,0.171,1.831,-19.653,-16.724
0.949,0.031,0.265,15.747,-17.090,-10.315
0.974,-0.028,0.111,9.216,-2.686,-9.155
0.981,0.026,0.174,-6.042,-4.700,0.244
0.942,0.037,0.091,-19.897,6.226,1.770
0.935,0.029,0.041,-10.193,0.183,-0.488
0.953,0.010,0.122,-0.549,-9.827,0.916
0.974,0.149,0.210,6.592,-10.071,5.859
0.928,0.250,0.136,24.170,-5.554,-12.512
0.871,0.012,0.177,15.320,-15.076,-32.043
0.841,-0.189,0.361,16.724,-18.127,-22.522
0.873,-0.072,0.391,24.231,-6.592,-6.165
0.873,-0.080,0.454,17.334,0.305,-6.775
0.853,-0.046,0.194,22.034,10.010,-1.099
0.847,-0.035,0.214,16.174,-5.859,-1.038
0.899,-0.018,0.347,5.249,-14.404,3.845
0.948,0.047,0.389,-0.244,-10.620,5.798
0.954,0.036,0.353,-1.892,-2.625,-1.648
0.951,-0.033,0.291,-0.549,-0.488,-3.479
0.967,0.001,0.281,-0.183,-2.136,-1.160
0.950,-0.019,0.250,0.305,0.977,-5.310
0.953,-0.048,0.209,1.343,3.418,-3.662
0.974,0.085,0.242,-3.479,2.563,0.671
0.987,-0.014,0.185,-5.920,9.644,-5.920
0.981,-0.014,0.140,-0.549,11.963,-2.075
0.992,-0.012,0.136,-0.244,7.935,-3.296
1.005,0.039,0.245,2.258,3.235,-1.526
0.989,0.092,0.193,2.808,7.874,-4.150
0.970,-0.024,0.192,-4.028,-1.953,-13.977
0.956,-0.040,0.217,-7.507,-2.136,-11.169
0.950,-0.061,0.288,-9.583,-6.165,-8.789
0.933,-0.107,0.257,-6.409,0.305,-10.742
0.935,-0.167,0.259,-11.597,-0.366,-7.690
0.943,-0.104,0.246,-10.498,4.517,5.005
0.969,0.037,0.191,-6.714,5.127,9.827
0.970,0.035,0.226,-2.563,-1.038,-2.686
0.970,-0.022,0.232,-0.854,-1.526,-6.226
0.979,-0.013,0.271,1.831,-0.549,-8.057
0.976,-0.076,0.233,2.319,0.549,-5.188
1.002,0.014,0.235,1.892,0.366,-1.465
0.994,-0.101,0.256,-2.563,0.000,-7.935
0.988,-0.104,0.238,-3.174,3.357,-1.404
0.983,-0.001,0.218,-1.953,2.258,4.211
0.979,-0.058,0.220,-5.859,2.258,-0.366
0.966,-0.036,0.293,-1.038,2.258,5.371
0.950,0.044,0.239,-2.075,8.667,2.869
0.924,-0.061,0.177,-3.296,7.080,-2.991
0.921,-0.051,0.237,4.395,4.395,1.953
0.920,-0.019,0.183,1.404,6.348,-1.526
0.915,-0.087,0.211,2.869,3.479,0.488
0.922,0.008,0.161,3.052,5.676,4.944
0.930,-0.006,0.139,0.610,1.648,1.770
0.933,-0.021,0.188,-1.038,-0.671,0.244
0.940,-0.020,0.196,1.892,-2.686,1.099
0.933,-0.007,0.215,2.869,-2.258,-1.038
0.934,-0.044,0.230,3.052,-3.296,0.305
0.942,-0.028,0.211,1.648,-2.197,-0.610
0.952,-0.073,0.248,1.831,-3.845,-0.122
0.969,-0.050,0.229,1.221,-2.075,3.052
0.967,-0.003,0.267,-0.244,-2.991,1.465
0.982,-0.075,0.249,-2.380,-1.953,-0.854
0.991,0.028,0.293,0.977,-2.136,3.418
0.993,-0.009,0.245,-1.648,0.793,-2.747
0.988,-0.033,0.294,0.610,-2.930,-2.258
0.985,-0.092,0.271,1.526,0.366,-4.211

-0.220,1.561,0.888,179.626,-199.585,76.782
-0.262,1.394,0.655,135.925,-160.583,-41.260
-0.360,0.621,0.643,112.610,-213.867,-158.325
-0.406,0.082,0.901,100.525,-261.902,-206.665
-0.359,-0.196,1.695,123.840,-288.330,-181.335
-0.218,-0.045,2.605,149.902,-278.198,-162.354
-0.135,-0.145,2.764,203.308,-187.866,-178.833
-0.331,-0.698,2.363,220.581,-63.538,-223.206
-0.386,-0.963,1.982,180.786,-9.827,-227.661
-0.135,-0.713,2.239,103.455,-16.052,-183.655
-0.153,-0.081,1.821,138.184,65.796,-158.875
-0.196,0.126,1.934,92.346,64.392,-207.031
-0.519,-0.651,1.797,23.376,102.783,-328.918
-0.569,-1.306,1.710,-47.913,114.563,-388.428
-0.752,-1.544,1.969,-22.217,110.474,-277.283
-0.823,-1.419,2.102,-20.203,167.847,-206.787
-0.932,-1.679,1.895,-39.612,214.355,-213.318
-0.865,-1.823,1.424,3.113,237.000,-175.354
-0.886,-1.901,1.478,7.874,210.876,-144.897
-0.781,-1.951,1.438,-13.489,231.689,-96.558
-0.818,-1.519,1.296,64.331,245.117,-29.968
-0.815,-1.628,1.191,47.058,252.686,-36.438
-0.629,-1.611,0.730,75.134,266.357,2.197
-0.577,-1.364,0.553,93.018,241.150,36.133
-0.454,-1.448,0.564,15.930,218.018,27.222
-0.433,-1.606,0.506,18.860,216.797,34.119
-0.315,-1.413,0.208,49.744,220.886,89.661
-0.273,-1.145,-0.032,105.225,200.500,118.652
-0.231,-1.037,-0.052,81.421,145.691,118.835
-0.224,-0.979,0.051,67.627,114.868,140.625
-0.216,-0.755,0.045,89.844,107.910,158.997
-0.190,-0.588,0.100,99.915,81.543,173.279
-0.096,-0.193,0.080,100.586,70.801,177.429
-0.069,-0.219,0.002,70.129,53.528,138.245
-0.086,-0.490,0.055,4.700,43.396,137.634
-0.067,-0.383,0.054,9.094,33.264,165.771
-0.011,-0.057,0.122,42.847,19.592,171.387
0.103,0.125,0.173,35.950,15.442,156.128
0.208,0.065,0.020,15.076,27.161,132.507
0.215,-0.052,-0.096,-10.620,28.381,126.282
0.298,0.173,-0.073,21.240,3.784,149.231
0.368,0.379,-0.003,49.988,-9.033,145.020
0.428,0.536,0.115,81.665,-27.466,114.197
0.410,0.255,0.051,36.072,-20.020,83.618
0.479,0.276,0.130,12.207,-28.381,116.211
0.619,0.705,0.281,39.490,-15.442,129.944
0.757,1.139,0.201,59.082,-3.540,142.822
0.819,1.436,0.121,84.534,-9.033,131.226
0.904,1.201,0.208,62.073,-26.306,12.085
1.033,0.676,0.723,41.687,-55.969,-19.043
1.098,0.949,0.798,61.829,-27.344,2.380
1.153,0.894,0.623,29.358,-3.784,-31.250
1.175,0.541,0.581,7.019,2.686,-47.302
1.144,0.392,0.497,13.855,18.799,-36.316
1.106,0.324,0.312,20.569,23.376,-35.339
1.126,0.215,0.296,-9.888,-5.188,-31.311
1.094,0.153,0.524,-3.601,0.183,-23.560
1.079,0.185,0.359,3.601,17.578,-10.986
1.026,0.191,0.303,5.310,15.259,-12.024
1.004,0.150,0.278,5.371,12.695,-11.719
0.966,0.123,0.361,13.672,6.348,-11.658
0.943,0.122,0.372,13.184,9.460,-11.353
0.902,-0.020,0.388,-2.197,13.000,-12.695
0.897,-0.055,0.378,-2.502,19.104,-1.892
0.905,0.121,0.262,6.470,29.663,15.076
0.872,0.109,0.166,3.845,30.029,9.216
0.896,0.251,0.118,13.794,15.198,9.644
0.918,0.260,0.201,10.193,5.249,-0.183
0.932,0.081,0.210,0.549,10.559,-7.568
0.970,0.060,0.185,18.372,9.460,-0.244
0.977,0.087,0.218,10.620,6.653,4.272
0.956,0.091,0.227,9.216,9.583,8.118
0.955,0.203,0.204,13.489,10.315,13.977
0.935,0.239,0.163,12.878,9.766,2.258
0.928,0.192,0.140,8.362,6.775,-1.953
0.922,0.168,0.150,15.930,1.648,-3.723
0.938,0.221,0.215,17.700,-2.808,-3.418
0.926,0.148,0.290,19.592,-6.836,-11.108
0.934,0.031,0.372,21.179,-6.775,-10.925
0.942,0.053,0.376,20.996,-2.319,-6.226
0.937,-0.056,0.359,6.226,2.258,-0.671
0.954,0.153,0.368,8.057,4.639,14.465
0.951,0.217,0.340,7.080,6.470,0.122
0.943,0.066,0.351,3.601,5.554,-6.409
0.958,0.105,0.390,4.211,8.423,3.235
0.950,0.179,0.300,11.475,11.475,-3.906
0.934,0.025,0.323,-0.305,8.606,-7.568
0.932,0.156,0.300,5.066,14.465,2.808
0.923,0.118,0.227,2.747,16.113,-3.235
0.941,0.080,0.223,3.906,10.925,-0.916
0.943,0.105,0.240,3.845,14.465,0.305
0.954,0.118,0.195,7.141,16.968,0.549
0.936,0.120,0.100,3.540,19.958,-4.150
0.935,0.095,0.119,-2.197,8.179,-5.615
0.948,0.066,0.234,-2.441,0.427,-8.545
0.959,0.059,0.220,1.282,3.662,-7.568
0.977,0.130,0.280,5.188,0.427,-7.874
0.978,0.079,0.279,3.296,5.005,-12.756
0.987,0.054,0.206,0.977,10.193,-9.583
0.961,0.093,0.196,4.028,9.277,-7.996
0.935,-0.026,0.143,0.977,16.968,-9.583
0.927,0.078,0.091,5.737,16.052,-3.296
0.899,0.063,0.047,5.859,8.728,-14.954
0.915,-0.044,0.056,2.136,2.441,-17.334
0.955,-0.018,0.109,2.869,-2.014,-8.240
0.969,-0.010,0.128,5.066,-1.648,-5.737
1.007,0.055,0.150,5.920,-2.686,-1.099
1.003,0.085,0.171,3.540,-0.244,-1.282
1.003,-0.007,0.205,-3.662,-1.465,-1.526
1.000,0.047,0.249,-3.601,2.808,8.118
0.993,0.071,0.180,-3.906,8.606,4.578
1.015,0.077,0.163,-6.348,10.315,6.836
0.986,0.189,0.125,-5.066,15.320,4.089
0.967,0.117,0.047,-5.981,16.602,-2.258
0.933,0.087,0.016,1.221,7.507,-9.827
0.926,-0.006,0.063,-0.732,0.244,-13.000
0.928,-0.066,0.139,2.441,-1.038,-10.681
0.931,-0.054,0.107,2.686,2.502,-4.150
0.960,0.010,0.129,-2.808,0.671,0.854

-0.162,0.811,2.047,145.081,-354.675,75.317
-0.038,1.191,2.497,223.206,-337.708,29.785
0.048,0.540,2.550,246.765,-214.233,-156.311
0.063,-0.445,2.078,222.839,-136.780,-230.774
0.091,-0.773,2.291,204.773,-152.771,-179.199
0.040,-0.433,2.757,209.351,-117.737,-132.385
-0.139,-0.389,2.833,158.630,-36.194,-158.752
-0.260,-0.692,2.140,146.057,64.026,-177.612
-0.261,-0.631,1.834,110.352,88.562,-160.767
-0.279,-0.319,1.868,20.264,85.815,-160.339
-0.562,-0.395,2.344,-55.176,108.215,-237.000
-0.631,-1.102,1.755,-71.045,163.818,-282.654
-0.648,-0.800,2.010,-71.167,136.597,-239.075
-0.857,-0.855,2.208,-81.970,168.884,-252.686
-0.939,-1.242,1.775,-23.560,228.210,-303.711
-1.047,-0.817,2.063,-19.470,237.732,-224.609
-1.311,-1.359,1.762,-38.147,285.217,-277.283
-1.479,-2.259,1.121,24.414,296.997,-286.804
-1.299,-2.408,0.940,60.974,227.478,-139.099
-1.086,-1.664,1.288,89.722,198.059,-52.612
-1.135,-1.653,1.016,57.190,236.389,-53.040
-1.089,-1.913,0.761,41.260,244.690,-45.898
-0.960,-1.857,0.502,70.862,233.276,19.287
-0.876,-1.642,0.428,92.224,215.393,69.153
-0.827,-1.357,0.497,111.938,194.946,120.056
-0.753,-1.136,0.400,126.953,197.937,153.137
-0.693,-0.824,0.257,143.433,179.016,181.030
-0.622,-0.793,0.134,115.967,158.325,187.622
-0.508,-0.770,0.150,73.914,133.484,197.693
-0.520,-0.675,0.177,46.021,126.648,230.957
-0.366,-0.198,-0.103,45.105,128.845,254.333
-0.121,0.303,-0.025,53.589,64.270,233.887
-0.029,0.326,0.134,16.113,46.631,182.983
0.009,0.007,-0.001,-20.569,69.580,137.756
0.029,0.054,-0.258,-3.235,63.599,154.663
0.237,0.489,-0.273,30.579,26.978,159.668
0.340,0.762,-0.105,51.758,-5.066,134.583
0.386,0.261,-0.250,22.583,6.226,52.917
0.467,-0.001,-0.202,14.893,-6.104,58.472
0.646,0.481,-0.077,49.744,-10.315,94.849
0.789,0.725,-0.115,41.626,-5.859,86.731
0.889,0.978,-0.151,61.096,-23.071,63.110
1.062,0.871,0.084,30.212,-45.044,20.569
1.134,0.903,0.302,29.785,-48.279,13.855
1.188,0.789,0.400,26.245,-17.761,-17.395
1.187,0.542,0.258,18.433,-2.930,-32.898
1.158,0.406,0.330,28.809,-8.057,-40.588
1.132,0.106,0.306,18.372,-0.793,-34.851
1.101,0.167,0.172,21.484,4.028,-20.630
1.076,0.174,0.193,12.451,-3.662,-21.118
1.033,0.068,0.246,-1.038,-3.784,-18.005
1.009,0.144,0.243,-1.526,-3.479,-16.968
0.984,-0.007,0.224,-2.380,-3.113,-19.409
0.965,-0.004,0.248,7.324,-6.348,-12.756
0.970,-0.125,0.288,0.122,-5.432,-13.123
0.965,0.015,0.285,3.784,2.991,6.042
0.978,0.062,0.228,-1.770,6.653,4.089
0.975,0.067,0.243,4.517,6.714,-4.089
0.951,0.021,0.159,7.568,8.972,-6.470
0.962,-0.036,0.145,3.845,-1.892,-10.742
0.957,-0.107,0.229,4.089,-5.432,-10.132
0.956,-0.076,0.178,2.136,1.892,-3.357
0.954,-0.190,0.209,-4.333,0.305,-5.127
0.960,-0.039,0.259,-0.122,3.662,12.634
0.966,0.001,0.242,-0.061,7.263,8.240
0.966,-0.004,0.191,2.197,10.071,8.362
0.955,-0.013,0.180,2.136,9.033,3.601
0.954,0.000,0.208,2.441,6.653,5.676
0.956,-0.023,0.155,0.000,12.573,6.348
0.966,0.081,0.123,2.136,11.780,12.146
0.953,0.119,0.075,0.610,10.315,1.648
0.966,0.000,0.078,0.916,3.845,-3.845
0.965,0.035,0.106,4.211,1.038,-0.977
0.957,-0.056,0.087,0.427,1.221,-3.113
0.957,0.010,0.115,3.845,-2.502,2.747
0.961,0.011,0.142,-2.686,-1.709,-0.916
0.968,0.019,0.180,1.770,-3.052,1.099
0.975,0.003,0.212,0.000,-2.014,-2.930
0.982,-0.007,0.231,4.822,-1.282,-1.648
0.979,-0.057,0.220,1.526,2.930,-2.502
0.979,-0.073,0.227,2.563,4.456,0.671
0.977,-0.012,0.146,5.005,7.507,3.784
0.989,-0.036,0.149,2.441,6.836,3.357
0.994,0.041,0.130,2.258,4.700,3.906
1.000,0.032,0.156,5.493,1.160,0.488
1.000,0.033,0.172,5.798,0.488,-1.160
1.001,0.009,0.172,1.404,3.174,-0.427
0.993,0.048,0.177,3.113,3.235,0.122
0.977,-0.007,0.160,2.625,3.113,-1.282
0.982,0.041,0.171,4.089,1.892,-0.244
0.981,-0.008,0.172,5.371,2.563,-2.808
0.981,-0.003,0.158,4.333,5.249,-1.282
0.980,0.014,0.134,4.517,5.981,-1.465
0.971,-0.009,0.141,1.099,4.700,-2.197
0.966,-0.007,0.113,1.709,5.554,-1.221
0.963,0.023,0.120,-2.747,2.197,-1.038
0.953,-0.047,0.108,-3.723,3.357,-2.808
0.953,-0.018,0.109,-1.404,1.282,0.183
0.952,-0.024,0.105,-3.296,1.404,-0.122
0.965,-0.022,0.132,-0.488,-0.061,-0.610
0.966,0.002,0.150,-0.610,-0.671,0.916
0.975,-0.010,0.133,-0.671,0.488,-1.465
0.966,-0.021,0.158,-0.122,-0.061,0.000
0.955,-0.031,0.106,-1.221,0.122,-1.526
0.957,-0.023,0.126,0.671,0.549,1.709
0.974,0.000,0.103,1.099,-0.916,-0.732
0.976,-0.007,0.177,-1.709,-3.906,-1.587
0.975,-0.098,0.162,0.000,1.404,-1.831
0.983,0.010,0.142,3.784,2.930,5.066
0.988,-0.048,0.150,-2.747,-1.953,-2.686
0.974,-0.035,0.192,-0.183,0.122,1.587
0.991,-0.027,0.152,-0.793,0.854,1.953
0.987,0.033,0.174,0.916,-0.305,-0.854
0.978,-0.074,0.183,-0.793,-0.244,-0.854
0.988,-0.006,0.152,2.197,1.526,3.418
0.985,0.023,0.160,0.305,1.587,1.648
0.980,-0.025,0.118,1.892,3.601,-0.610
0.972,0.030,0.120,0.671,1.404,2.502
0.977,-0.024,0.124,-2.075,0.122,-1.709

-0.211,1.151,1.811,170.959,-282.227,122.559
-0.091,1.137,2.004,164.368,-221.985,140.137
-0.108,0.993,1.920,221.802,-158.875,-47.424
-0.078,0.437,1.862,250.122,-139.099,-109.680
-0.021,0.128,1.622,261.353,-95.764,-97.046
0.048,0.465,1.895,252.747,-104.675,-78.552
-0.106,1.052,2.525,256.042,-83.740,-126.892
-0.295,0.791,2.146,277.588,35.217,-269.958
-0.500,-0.037,1.560,273.926,42.908,-329.224
-0.506,-0.550,1.490,149.414,60.303,-329.712
-0.473,-0.836,1.611,65.613,56.458,-319.092
-0.526,-1.027,1.590,63.171,93.567,-289.490
-0.599,-1.001,1.727,54.810,103.394,-272.644
-0.809,-0.954,2.074,27.527,133.667,-277.832
-1.089,-1.233,2.055,-2.625,195.190,-307.922
-1.328,-1.978,1.655,-23.315,248.047,-390.259
-1.304,-2.321,1.581,-32.227,242.065,-322.144
-1.263,-2.236,1.712,6.409,251.404,-196.594
-1.362,-2.252,1.378,60.608,292.908,-115.784
-1.299,-2.272,1.062,70.190,303.650,-66.711
-1.098,-1.731,0.847,114.990,281.067,37.964
-1.009,-1.459,0.828,90.210,270.935,60.547
-0.943,-1.515,0.712,47.180,276.917,60.791
-0.864,-1.471,0.541,58.777,279.968,86.243
-0.719,-1.260,0.275,75.317,275.146,125.244
-0.549,-1.091,0.071,68.115,262.573,147.827
-0.323,-0.719,0.075,54.443,220.093,173.279
-0.295,-0.499,0.096,57.068,204.712,173.157
-0.195,-0.382,-0.182,42.175,183.960,146.179
-0.055,-0.523,-0.221,14.099,137.207,117.798
0.009,-0.596,0.269,13.428,85.510,120.422
0.132,-0.419,0.248,38.513,92.651,137.085
0.147,-0.010,0.211,63.416,89.478,146.851
0.218,0.028,-0.063,39.917,93.201,126.648
0.309,-0.106,0.043,21.912,42.175,99.915
0.360,-0.291,0.246,5.371,31.921,96.619
0.470,0.148,0.114,47.546,39.551,122.681
0.514,0.213,0.040,51.697,27.954,106.201
0.560,0.211,0.086,43.213,14.771,91.492
0.589,0.107,0.033,35.156,15.625,78.430
0.662,0.142,0.104,19.470,10.803,84.290
0.733,0.384,0.103,30.090,20.508,88.196
0.810,0.410,-0.073,29.297,27.161,62.744
0.873,0.404,-0.045,40.894,12.817,48.767
0.910,0.362,-0.092,58.350,17.029,36.621
0.942,0.403,-0.094,37.415,12.878,34.790
1.013,0.597,-0.058,43.823,1.953,30.212
1.025,0.592,-0.017,29.785,-2.197,11.475
1.015,0.395,-0.008,11.475,-3.723,-6.592
1.012,0.345,0.062,13.794,-6.287,-8.728
1.003,0.158,0.067,7.263,0.061,-12.756
0.978,0.159,0.108,16.907,-0.061,-5.981
0.981,0.173,0.046,21.667,9.277,-4.944
0.985,0.172,-0.025,20.447,10.864,-6.042
0.988,0.153,0.009,12.695,1.648,-11.841
0.977,0.003,0.003,-2.808,5.920,-16.907
0.986,0.002,-0.007,3.479,8.972,-5.005
0.984,0.006,-0.072,6.226,8.545,-5.676
0.982,-0.090,-0.052,1.953,-2.747,-6.714
1.003,0.000,0.084,3.906,-7.202,0.427
1.005,-0.047,0.051,-0.305,-1.526,-6.226
1.004,-0.046,0.070,2.441,-3.845,-0.549
1.010,-0.029,0.087,-2.380,-0.977,0.916
1.007,0.050,0.078,-4.822,0.671,2.808
1.008,0.016,0.060,-1.648,1.953,-2.319
0.976,-0.007,0.059,5.798,0.977,-5.188
0.961,-0.081,0.060,11.475,3.479,-6.775
0.951,-0.074,-0.002,13.916,5.615,-1.465
0.948,-0.130,-0.002,4.944,3.052,-2.075
0.948,-0.062,0.014,5.188,4.517,5.981
0.964,-0.023,-0.032,2.197,5.493,7.751
0.992,0.030,-0.013,2.747,2.991,7.446
0.986,0.052,-0.029,1.892,3.296,6.104
1.001,0.026,0.002,-0.610,-1.404,1.099
1.001,0.023,0.073,0.183,-2.930,1.404
0.999,0.034,0.022,4.517,2.808,1.648
0.994,0.078,0.020,6.592,0.793,1.282
0.993,-0.009,0.037,-0.183,-0.427,-3.479
0.996,0.016,0.020,1.465,1.404,-0.061
0.990,0.050,-0.010,-0.183,0.732,-2.258
0.991,-0.029,0.033,-2.502,-1.953,-5.249
0.987,-0.030,0.005,0.671,1.709,-1.343
0.985,-0.021,0.027,-0.427,-0.977,0.366
0.979,-0.020,0.025,2.380,1.221,0.061
0.982,-0.030,0.019,1.526,1.282,2.686
0.974,-0.053,0.042,-4.150,0.793,2.563
0.991,0.024,0.037,-4.333,2.441,5.310
0.999,0.021,0.023,-3.906,2.747,2.625
1.001,0.108,-0.015,1.404,3.723,2.686
1.000,0.032,0.012,-0.610,0.183,-4.883
0.999,-0.072,0.042,1.831,0.488,-2.625
0.999,0.011,0.017,5.798,2.014,0.183
0.990,-0.036,0.031,3.784,0.793,-3.235
0.992,-0.071,0.015,6.104,2.502,-0.183
0.996,0.007,0.002,5.615,3.418,3.601
0.997,-0.022,-0.018,1.526,2.136,0.793
0.996,0.027,0.021,3.357,1.221,2.686
0.986,0.005,0.014,3.296,1.953,-0.122
0.989,-0.048,0.016,-0.610,1.160,-0.793
0.992,0.003,0.031,-0.244,3.662,4.944
0.989,0.018,-0.013,0.610,3.662,2.380
0.980,-0.010,0.015,-1.587,0.732,0.671
0.977,-0.014,0.023,-0.427,2.075,1.282
0.983,0.017,-0.024,4.517,2.319,0.183
0.982,-0.014,0.029,2.319,-0.793,-1.343
0.975,0.008,-0.013,2.258,4.333,-0.854
0.975,-0.031,-0.015,1.709,1.282,-1.221
0.965,-0.036,0.015,0.610,1.099,-0.488
0.963,-0.051,-0.018,-1.099,2.136,4.211
0.974,0.044,0.014,0.488,-0.427,3.784
0.978,-0.053,0.001,0.366,0.793,1.709
0.992,0.065,0.000,3.174,0.854,3.601
0.989,-0.046,-0.008,-1.465,0.854,-2.319
0.986,0.036,-0.007,2.747,-0.061,3.174
0.987,-0.045,0.040,-0.244,-3.052,-0.366
1.000,0.009,0.048,2.014,-0.366,4.272
1.000,0.025,-0.009,2.747,0.732,1.648
1.000,0.023,0.025,1.587,-1.526,-0.549
0.988,-0.037,-0.010,-0.427,1.770,-1.404

-0.153,0.979,2.248,154.236,-309.204,275.269
0.171,1.260,2.419,153.748,-212.158,325.012
0.314,2.075,2.151,247.437,-120.667,87.524
0.327,1.326,2.069,240.295,-95.398,-81.299
0.375,0.644,1.648,272.461,-45.227,-148.743
0.312,1.085,1.548,332.703,-34.424,-164.612
-0.027,0.649,1.356,358.826,-7.568,-338.440
-0.196,-0.267,0.902,345.581,35.706,-440.857
-0.211,-1.651,1.136,178.223,-7.263,-556.763
0.072,-1.769,2.195,28.320,-69.458,-324.402
-0.176,-0.448,2.880,114.380,59.692,-149.841
-0.425,-0.502,1.939,62.073,255.859,-275.879
-0.543,-1.161,1.206,1.160,232.056,-299.072
-0.549,-1.187,1.939,-75.500,154.358,-285.950
-1.095,-1.479,2.413,-74.951,170.898,-320.557
-1.494,-2.406,2.017,-158.508,304.626,-361.145
-1.475,-2.639,1.472,-38.208,336.182,-226.379
-1.308,-1.849,1.054,84.412,327.332,-84.106
-1.324,-1.219,1.021,115.906,281.006,-38.818
-1.455,-1.619,0.976,30.518,285.828,-67.444
-1.393,-2.055,0.812,12.207,297.302,-28.320
-1.247,-1.731,0.592,62.683,289.185,89.722
-0.939,-1.101,0.294,67.871,276.001,116.516
-0.739,-1.030,0.311,42.419,236.267,109.009
-0.503,-1.000,0.560,46.753,232.300,123.657
-0.446,-0.900,0.490,98.633,262.451,162.170
-0.326,-0.496,-0.025,130.005,265.320,180.603
-0.097,-0.367,-0.243,119.751,191.650,150.818
0.065,-0.468,-0.065,62.195,135.559,126.953
0.143,-0.324,0.118,29.297,107.849,127.136
0.202,-0.256,-0.024,25.146,100.891,119.507
0.322,-0.162,0.020,19.409,50.781,101.990
0.378,-0.333,0.187,13.123,32.227,84.656
0.387,-0.430,0.139,29.358,34.180,89.050
0.417,-0.331,0.081,36.011,23.926,110.962
0.475,-0.084,0.135,54.016,12.512,121.033
0.573,-0.034,0.214,43.030,10.132,103.943
0.611,0.034,0.226,39.917,19.775,104.736
0.749,0.329,0.041,19.897,36.133,114.746
0.836,0.555,0.021,35.217,31.799,109.497
0.859,0.626,-0.040,38.147,33.936,64.148
0.882,0.454,-0.124,36.560,29.968,37.720
0.931,0.503,-0.109,35.461,18.616,35.583
0.918,0.462,-0.102,21.851,14.160,10.559
0.921,0.284,-0.170,15.015,10.620,-2.502
0.942,0.208,-0.069,6.348,-2.075,-0.671
0.968,0.245,-0.044,9.033,0.427,1.099
0.980,0.267,-0.083,3.967,6.165,-5.554
0.998,0.086,-0.096,-5.127,4.517,-14.038
0.974,0.050,-0.063,-3.113,7.996,-7.629
0.979,0.014,-0.135,-4.395,10.254,-6.836
0.983,-0.047,-0.107,-3.906,0.488,-5.493
0.999,-0.022,-0.020,3.052,-6.165,-5.005
0.998,-0.130,-0.034,3.113,-3.418,-8.240
1.001,-0.036,0.004,7.629,-5.249,0.183
0.994,-0.018,0.034,4.700,-3.540,-1.282
0.978,-0.074,0.018,5.554,1.831,-1.709
0.961,-0.099,-0.015,6.104,3.540,-1.892
0.969,-0.095,-0.021,11.597,3.418,3.967
0.950,-0.051,-0.036,9.644,4.700,3.967
0.960,-0.052,-0.096,2.869,4.089,4.456
0.961,-0.064,-0.073,1.343,0.671,-15.625
0.982,-0.070,-0.083,-0.488,3.418,2.502
0.977,-0.119,-0.059,-4.822,0.916,0.305
1.004,-0.055,-0.066,2.197,2.991,6.409
1.005,-0.001,-0.083,1.282,0.977,1.282
0.996,-0.040,-0.043,3.052,-1.587,-2.258
0.995,-0.099,-0.042,4.028,-2.075,-3.601
1.001,-0.031,0.001,5.737,-3.052,-1.831
0.988,-0.135,-0.021,4.578,-1.465,-9.399
0.981,-0.089,0.015,5.920,-0.305,-1.404
0.973,-0.068,-0.028,6.592,4.822,-1.465
0.953,-0.140,-0.078,4.761,3.662,-3.967
0.956,-0.148,-0.075,2.747,2.380,-0.122
0.968,-0.055,-0.069,3.113,0.061,2.930
0.976,-0.136,-0.089,0.916,1.404,-0.732
1.001,-0.010,-0.048,2.747,-1.526,9.705
1.009,-0.025,-0.044,-5.798,1.221,0.000
1.002,-0.084,-0.056,-6.042,-0.244,-1.587
0.997,-0.083,0.004,-2.075,-3.601,-1.404
0.989,-0.120,0.009,-1.831,-1.160,-1.648
0.979,-0.134,-0.019,0.244,1.099,2.625
0.975,-0.087,-0.018,1.526,1.892,4.395
0.985,-0.062,-0.051,2.319,2.686,5.432
0.986,-0.002,-0.042,0.183,4.150,3.601
0.982,-0.039,-0.084,-1.526,2.869,0.183
0.984,-0.063,-0.080,-0.488,-0.305,-1.038
0.991,-0.099,-0.057,-0.488,-2.258,-0.793
0.996,-0.050,-0.024,-0.427,-1.343,1.892
0.993,-0.086,-0.059,-3.723,-0.061,0.122
0.992,-0.084,-0.020,-2.747,-0.427,2.625
0.991,-0.034,-0.023,1.038,0.549,1.160
0.991,-0.067,-0.023,-2.075,1.038,-1.770
0.996,-0.131,-0.040,-1.892,2.991,-1.770
0.990,-0.102,-0.045,0.732,1.709,0.671
0.990,-0.133,-0.043,1.526,0.671,-0.305
0.997,-0.069,-0.031,0.671,2.319,3.845
1.001,-0.057,-0.037,-0.366,2.319,2.808
0.983,-0.087,-0.063,-2.258,4.211,-0.977
0.984,-0.125,-0.044,-0.977,1.892,-0.183
0.989,-0.105,-0.028,0.488,3.174,-0.427
0.975,-0.149,-0.033,0.244,3.357,3.845
0.981,-0.072,-0.041,1.526,3.479,3.174
0.984,-0.113,-0.024,0.305,2.014,1.892
0.980,-0.078,-0.048,3.113,5.615,2.686
0.965,-0.031,-0.061,4.517,3.906,0.977
0.966,-0.155,-0.059,-0.122,2.502,-2.258
0.952,-0.092,-0.089,5.249,5.798,4.944
0.961,-0.099,-0.090,-0.244,3.235,4.944
0.978,-0.010,-0.080,1.892,2.014,5.127
0.991,-0.021,-0.098,0.916,1.465,1.648
0.998,-0.048,-0.050,-0.244,0.061,-1.953
0.989,-0.090,-0.077,3.174,1.038,-1.404
0.984,-0.054,-0.059,1.953,-0.061,0.305
0.974,-0.115,-0.073,0.671,0.916,-0.549
0.976,-0.095,-0.051,1.587,-1.953,2.197
0.981,-0.073,-0.036,1.709,-0.610,3.174
0.983,-0.062,-0.035,-0.549,0.427,2.502
0.989,-0.072,-0.045,1.465,0.305,2.380

0.204,0.930,2.147,207.825,-316.833,44.067
0.098,1.127,2.457,216.370,-234.558,72.998
-0.031,0.948,1.594,294.861,-38.940,-148.254
-0.114,0.239,1.062,236.755,-22.156,-242.187
-0.191,-0.199,1.594,221.497,-104.919,-263.306
-0.440,-0.265,2.425,210.815,-82.581,-272.156
-0.751,-0.449,2.266,198.730,52.185,-291.138
-0.847,-1.076,1.241,149.841,156.006,-352.539
-0.915,-1.189,1.092,120.972,129.089,-409.973
-0.889,-1.657,1.665,78.491,89.172,-292.236
-1.048,-1.667,1.913,24.841,185.120,-267.578
-1.269,-2.123,1.334,-21.667,247.375,-275.024
-1.082,-2.285,1.159,-30.945,230.042,-219.910
-0.987,-1.817,1.364,11.414,212.463,-135.132
-1.145,-1.594,1.599,-33.691,253.540,-123.230
-0.969,-1.868,0.812,-12.390,312.378,-115.173
-0.767,-1.533,0.671,33.508,276.428,-57.556
-0.628,-1.145,0.623,44.250,245.667,-36.133
-0.630,-1.229,0.561,36.377,234.131,-45.959
-0.626,-1.215,0.591,47.302,209.229,-32.104
-0.629,-1.406,0.458,57.556,209.839,-23.193
-0.642,-1.525,0.371,54.138,205.750,-7.141
-0.748,-1.556,0.285,55.542,195.923,34.241
-0.713,-1.566,0.194,44.922,193.665,58.472
-0.562,-1.428,0.116,67.505,167.786,108.887
-0.460,-1.030,0.153,87.219,146.606,151.184
-0.318,-0.529,0.238,71.960,122.742,159.485
-0.259,-0.738,0.357,13.245,110.901,103.394
-0.230,-1.048,0.546,-5.493,122.009,127.014
-0.273,-0.807,0.203,48.462,154.114,183.594
-0.082,-0.380,0.138,46.814,136.414,199.524
0.063,-0.180,0.313,18.738,107.239,180.542
0.158,-0.217,0.257,24.597,111.328,160.522
0.247,-0.246,0.103,32.227,106.812,149.780
0.352,-0.177,0.046,40.161,94.421,151.794
0.430,-0.013,0.002,42.236,80.444,157.227
0.509,0.197,0.021,36.987,70.679,142.273
0.550,0.117,-0.042,35.034,65.125,114.929
0.561,0.027,-0.089,45.166,38.208,97.046
0.599,0.037,-0.027,49.377,22.461,95.093
0.644,0.276,0.003,65.125,17.883,95.337
0.704,0.257,-0.121,65.918,19.714,79.346
0.759,0.248,-0.035,52.856,2.319,73.303
0.796,0.345,-0.021,55.969,6.531,78.247
0.846,0.586,-0.088,52.612,9.521,74.524
0.922,0.688,-0.122,41.565,5.859,59.937
0.965,0.711,-0.130,34.851,-1.038,25.024
1.000,0.493,-0.159,16.968,-2.563,12.146
1.043,0.684,-0.098,14.709,-4.761,15.991
1.080,0.553,-0.086,3.601,-2.686,-2.197
1.085,0.461,-0.059,-2.686,0.366,-3.479
1.085,0.441,-0.066,2.563,-0.549,-10.315
1.076,0.318,-0.023,11.780,-4.456,-20.935
1.062,0.245,-0.007,11.841,-4.395,-26.978
1.028,0.087,0.008,4.150,-0.732,-25.879
1.029,0.086,0.006,-2.258,3.113,-13.000
1.037,0.143,0.021,4.822,3.967,-12.695
1.015,0.045,-0.023,-9.827,11.047,-17.883
0.993,-0.020,-0.046,-10.681,9.399,-11.597
0.996,-0.009,-0.041,-5.737,8.362,-7.324
0.979,-0.026,-0.055,-5.066,7.568,-3.784
0.966,0.047,-0.041,-1.587,5.493,-1.709
0.950,0.020,-0.051,1.892,3.479,-13.000
0.939,-0.095,-0.055,0.916,2.991,-14.282
0.940,-0.038,-0.091,2.563,1.038,-4.822
0.938,-0.116,-0.074,-2.930,-1.953,-7.812
0.952,-0.109,-0.066,-0.061,0.916,2.441
0.968,-0.004,-0.060,0.549,1.404,6.836
0.977,0.001,-0.086,-1.038,2.441,4.517
0.991,0.043,-0.061,4.761,-2.502,4.211
0.994,0.043,-0.010,1.831,-2.319,0.916
0.998,0.007,-0.040,2.869,0.549,0.793
0.997,0.048,-0.023,0.549,1.160,2.136
0.981,0.007,-0.075,-1.587,3.662,-1.221
0.981,-0.014,-0.090,0.061,2.075,-0.916
0.987,0.066,-0.041,1.892,-1.221,0.854
0.984,0.023,-0.067,0.183,2.747,-6.531
0.991,-0.040,-0.064,0.366,-0.549,-1.953
1.002,0.033,-0.067,0.122,3.052,-1.465
0.994,-0.030,-0.087,-2.563,1.953,-3.296
0.990,-0.012,-0.054,1.404,0.977,-0.366
0.986,0.000,-0.055,1.892,0.854,-1.099
0.991,-0.031,-0.045,1.282,-2.014,-3.174
0.989,-0.022,-0.000,-1.282,0.732,-1.221
0.982,-0.065,-0.064,-1.038,4.883,-1.038
0.985,0.030,-0.054,-0.854,1.404,2.258
0.979,-0.045,-0.068,0.854,2.869,-1.587
0.981,0.008,-0.054,2.747,0.793,3.174
0.985,-0.014,-0.064,-1.709,2.319,0.000
0.982,-0.029,-0.093,-0.793,1.221,2.441
1.001,0.034,-0.066,0.610,-0.122,3.113
1.000,0.018,-0.050,-2.197,-0.610,0.061
0.996,-0.002,-0.054,-1.465,1.038,-0.854
0.989,-0.031,-0.041,-2.075,1.282,-0.977
0.982,-0.007,-0.060,2.136,1.831,1.404
0.981,-0.020,-0.073,1.892,3.235,-0.305
0.991,-0.012,-0.070,0.427,2.075,-0.122
0.981,-0.002,-0.080,1.587,2.686,-1.282
0.972,-0.049,-0.084,-1.404,1.404,-2.380
0.984,-0.030,-0.045,2.991,-1.160,1.648
0.986,0.011,-0.049,4.639,2.930,-1.465
0.978,-0.096,-0.069,0.549,-0.549,-1.709
0.985,0.005,-0.050,1.038,1.953,4.944
0.983,0.038,-0.064,0.732,2.747,2.930
0.983,-0.031,-0.122,3.357,2.808,-2.686
0.987,-0.046,-0.068,4.578,-2.319,-1.099
0.989,-0.041,-0.060,2.441,2.380,-0.122
0.993,-0.002,-0.045,1.526,3.357,3.357
0.999,0.003,-0.084,2.319,2.441,-0.244
0.993,-0.014,-0.044,0.610,0.122,-1.404
0.997,-0.058,-0.052,0.305,0.793,-0.061
0.994,0.021,-0.053,4.272,3.479,1.953
0.983,-0.024,-0.088,0.000,4.211,-0.732
0.984,0.000,-0.079,-0.488,2.502,1.770
0.984,0.025,-0.076,0.549,1.953,1.526
0.977,-0.021,-0.076,2.258,1.587,-2.380
0.978,-0.026,-0.056,1.770,0.854,-0.671
0.973,-0.016,-0.088,1.160,1.831,-0.732
0.966,-0.018,-0.066,-0.854,0.488,-0.427

-0.010,0.666,2.104,231.934,-315.247,11.047
0.069,0.691,1.879,223.267,-204.041,-21.301
0.062,0.681,1.580,218.872,-158.142,-64.392
0.052,0.595,1.877,216.431,-170.837,-109.558
-0.200,0.483,2.487,188.660,-149.658,-166.016
-0.364,0.427,2.101,214.600,-39.612,-220.947
-0.675,-0.167,1.725,187.012,9.216,-295.227
-0.835,-1.016,1.939,153.015,22.156,-353.577
-0.860,-1.194,1.912,174.927,69.275,-312.256
-0.873,-0.859,1.547,143.066,160.706,-265.930
-0.932,-0.843,1.665,62.012,178.223,-294.983
-1.263,-1.218,1.360,13.184,244.080,-352.051
-1.239,-1.682,1.085,-51.270,230.652,-383.118
-0.992,-1.591,1.689,-72.876,180.115,-319.153
-1.270,-1.807,1.675,-62.988,250.305,-319.458
-1.289,-2.158,1.562,-58.105,268.799,-292.236
-1.423,-2.371,1.402,38.574,277.039,-228.699
-1.209,-2.300,1.268,40.405,287.415,-123.962
-1.154,-1.337,1.090,136.108,293.762,-18.555
-1.174,-1.395,0.513,127.258,317.322,-51.514
-1.128,-1.720,0.259,129.761,294.922,-16.968
-1.018,-1.499,0.228,156.250,228.088,25.635
-0.896,-1.515,0.236,114.319,203.430,51.819
-0.793,-1.525,0.078,114.685,208.679,84.900
-0.614,-1.218,-0.010,106.384,187.561,149.353
-0.418,-0.790,0.009,113.159,171.021,159.973
-0.268,-0.641,-0.135,102.112,159.546,156.189
-0.235,-0.717,-0.031,70.435,133.057,146.912
-0.102,-0.632,-0.212,71.838,124.390,159.241
0.039,-0.385,-0.271,110.168,86.121,166.748
0.271,-0.115,0.257,104.492,-0.122,148.804
0.331,-0.048,0.524,57.617,28.198,120.483
0.398,-0.266,0.163,34.607,54.077,96.191
0.401,-0.438,0.074,45.532,34.485,91.553
0.472,-0.382,0.220,53.833,13.855,112.366
0.578,-0.091,0.206,62.073,18.188,125.366
0.643,0.147,0.148,64.087,23.621,107.056
0.651,-0.023,-0.002,42.664,26.306,73.608
0.626,-0.381,0.015,19.836,11.536,60.852
0.626,-0.445,-0.025,30.273,9.216,72.449
0.637,-0.375,-0.095,35.217,7.874,97.046
0.720,-0.030,-0.171,67.749,-4.822,98.206
0.834,0.239,0.203,46.692,-32.410,87.524
0.876,0.298,0.257,54.199,-4.700,69.092
0.873,0.187,-0.049,47.363,33.936,34.851
0.811,0.082,-0.383,4.456,29.785,28.503
0.844,-0.060,-0.132,-49.377,-13.489,17.578
0.850,-0.016,0.201,-57.129,-5.615,41.016
0.887,0.370,-0.113,54.565,24.902,42.053
0.919,0.174,-0.125,37.415,0.183,6.409
1.000,0.081,0.100,56.641,-0.061,10.620
0.943,0.064,0.088,303.040,36.316,34.973
0.947,0.041,-0.457,337.097,50.415,65.063
0.999,0.611,-0.052,214.539,-30.273,80.200
1.039,0.628,0.048,143.005,-22.278,46.265
1.028,0.399,-0.208,21.667,-10.742,9.399
1.069,0.227,-0.221,-76.294,-32.471,5.249
1.067,0.515,0.060,-114.685,-48.279,11.963
1.059,0.039,-0.235,-143.066,-28.198,-13.245
1.052,0.261,0.003,-74.768,-43.884,24.719
1.033,0.363,0.168,9.583,-38.269,14.526
0.990,0.020,0.012,-46.631,11.780,-18.738
0.887,-0.014,-0.055,-61.462,0.671,-7.446
0.934,0.178,0.130,-22.583,-21.545,5.371
0.958,0.260,0.101,27.832,-1.282,-7.812
0.903,0.025,0.021,28.870,-0.854,-20.325
0.900,-0.005,0.034,20.935,-4.517,-16.785
0.832,-0.138,0.022,9.583,3.662,-21.057
0.883,-0.005,-0.190,-7.568,8.972,-2.991
0.906,0.114,-0.140,-4.700,-8.484,-4.944
0.873,-0.154,-0.041,-10.681,-12.329,-26.184
0.957,-0.050,0.115,18.921,-10.254,-5.615
0.925,0.010,-0.042,28.687,14.771,-4.456
0.967,0.028,-0.190,14.832,18.921,-7.202
0.968,-0.108,-0.260,-11.902,4.822,-4.639
1.014,0.083,-0.211,-5.798,-38.452,31.311
1.210,0.141,0.049,-15.381,-62.805,35.767
1.058,0.279,0.312,-17.639,-28.198,70.190
1.007,0.344,0.042,73.975,5.737,54.626
0.968,0.267,-0.137,-37.231,14.099,-6.348
0.927,0.044,-0.280,-78.491,6.042,-20.386
0.920,0.315,-0.187,-44.373,-32.898,-8.972
0.845,0.290,-0.257,-176.453,-40.955,-31.433
0.874,0.084,0.324,-376.343,-103.516,-86.975
0.910,-0.000,0.230,-109.009,-41.626,-61.401
1.016,-0.204,0.157,-36.804,-32.471,-63.049
0.982,-0.404,0.171,-16.052,-31.494,-56.580
1.043,-0.473,0.203,8.057,-32.410,-29.358
1.038,-0.474,0.352,55.542,-38.513,17.761
1.045,-0.354,0.441,70.435,-5.798,75.562
1.064,-0.126,0.477,72.571,-0.916,100.342
1.047,0.040,0.508,41.443,31.433,108.582
1.134,0.198,0.461,74.951,57.556,96.436
1.052,0.223,0.440,66.467,69.519,70.313
1.016,0.191,0.264,72.266,98.755,51.392
1.026,0.191,0.139,46.143,106.995,49.805
0.990,0.219,0.018,23.254,108.459,52.917
0.923,0.300,-0.132,-10.193,103.088,54.688
1.031,0.371,-0.206,-23.926,94.055,45.044
0.983,0.330,-0.298,-52.673,57.373,1.892
1.007,0.284,-0.303,-33.813,26.550,-11.230
0.958,0.158,-0.214,-20.996,-8.911,-21.118
0.933,0.131,-0.124,-9.155,-24.780,-7.507
0.904,0.170,0.007,7.812,-21.240,-1.831
0.883,0.184,0.058,18.188,0.732,-3.418
0.878,0.177,0.024,20.874,19.592,-5.127
0.901,0.160,-0.076,35.706,37.109,-5.310
0.919,0.145,-0.187,33.142,37.598,-6.958
0.942,0.150,-0.219,23.682,31.372,-7.019
0.932,0.122,-0.224,13.428,17.090,-10.986
0.898,0.091,-0.230,9.094,11.292,-10.376
0.960,0.111,-0.206,6.409,3.784,-2.319
0.988,0.118,-0.194,10.559,0.916,-0.732
0.966,0.116,-0.182,8.667,-1.587,2.747
0.975,0.134,-0.162,4.639,-5.371,5.371
0.937,0.166,-0.119,4.089,-8.789,8.728
0.970,0.202,-0.082,5.676,-8.057,6.348
0.966,0.217,-0.031,10.559,-1.221,-0.916
0.979,0.159,-0.084,21.484,17.822,-18.372
