timestamp,aX,aY,aZ,gX,gY,gZ
0,-0.427,1.028,-1.234,61.34,61.218,-75.195
20.408,-0.554,0.999,-1.545,32.776,39.246,-163.757
40.816,-0.822,0.698,-2.078,38.452,-16.235,-209.229
61.224,-0.769,-0.056,-2.006,-92.224,-201.172,-240.784
81.632,-0.911,-0.396,-0.428,-54.382,-351.501,-199.89
102.04,-1.021,-0.662,-0.562,105.042,-278.503,-214.539
122.448,-1.141,-1.285,-0.825,121.765,-303.772,-260.376
142.856,-1.363,-2.486,-0.465,-23.132,-434.082,-235.962
163.264,-1.267,-1.37,0.677,-132.874,-500.244,35.828
183.672,-1.023,-0.975,0.859,-86.487,-472.534,71.228
204.08,-0.936,-0.985,1.081,-115.784,-456.726,129.028
224.488,-0.894,-0.691,1.125,-145.813,-431.519,174.561
244.896,-0.962,-0.429,2.041,-602.783,-441.65,237.061
265.304,-0.84,-0.037,3.516,-441.895,-320.618,383.362
285.712,-0.992,1.285,3.63,-280.212,-16.052,494.446
306.12,-1.288,2.062,2.371,-348.572,210.571,501.038
326.528,-1.023,2.705,0.766,-226.685,249.939,338.623
346.936,-0.79,3.341,0.613,-202.087,187.317,217.346
367.344,-0.42,2.759,1.198,-186.279,137.451,79.163
387.752,-0.369,2.011,1.531,-184.692,192.688,-6.165
408.16,-0.562,1.904,1.191,-177.917,263.672,-40.466
428.568,-0.59,1.503,0.215,-155.457,320.557,-89.172
448.976,-0.537,1.677,-0.118,-79.346,263.489,-90.21
469.384,-0.586,1.829,-0.194,-24.048,224.243,-127.197
489.792,-0.697,1.63,-0.173,9.705,203.918,-157.043
510.2,-0.815,1.25,-0.361,59.204,198.914,-198.059
530.608,-0.799,1.027,-0.429,35.4,131.165,-222.534
551.016,-0.709,0.814,-0.113,-8.24,70.862,-234.192
571.424,-0.707,0.699,0.014,-7.446,42.847,-268.738
591.832,-0.721,0.613,-0.069,-10.254,28.503,-321.96
612.24,-0.722,0.561,0.03,-0.305,-2.319,-339.111
632.648,-0.951,0.671,-0.199,37.598,15.991,-351.868
653.056,-1.075,0.303,-0.55,-19.531,-9.46,-400.33
673.464,-1.044,-0.109,0.024,-96.68,-121.521,-419.312
693.872,-0.865,-0.288,0.705,-51.514,-144.104,-401.367
714.28,-1.022,-0.158,-0.136,116.638,-18.188,-378.784
734.688,-0.885,-0.365,0.476,12.634,-116.516,-408.508
755.096,-0.974,-0.469,1.656,-17.151,-129.089,-408.508
775.504,-1.189,-0.499,1.732,87.524,12.207,-417.725
795.912,-1.299,-1.453,1.194,-10.132,105.53,-547.729
816.32,-1.603,-2.538,1.35,-39.185,111.694,-518.25
836.728,-1.533,-3.108,1.292,-28.809,168.091,-428.223
857.136,-1.272,-3.757,1.724,25.94,204.956,-299.377
877.544,-1.256,-3.367,0.599,93.323,328.003,-113.647
897.952,-1.085,-3.336,0.462,83.496,257.446,-16.968
918.36,-1.151,-3.43,0.632,88.257,245.667,58.044
938.768,-1.16,-3.349,0.684,138.55,237.671,193.542
959.176,-1.133,-2.697,0.641,287.17,253.296,351.746
979.584,-1.162,-2.023,-0.128,319.214,246.399,424.805
999.992,-1.11,-0.95,-0.727,363.831,180.481,515.991
1020.4,-0.935,-0.277,-0.774,335.51,85.388,509.216
1040.808,-0.581,0.171,-0.473,169.434,-6.104,449.829
1061.216,-0.312,0.266,-0.239,14.404,4.639,358.887
1081.624,-0.283,0.27,-0.356,-42.053,38.086,314.88
1102.032,-0.318,0.5,-1.077,-58.167,58.167,273.743
1122.44,-0.044,0.591,-0.929,-77.332,-38.635,228.516
1142.848,0.077,0.544,-0.595,-134.521,-55.176,184.998
1163.256,0.262,0.524,-0.451,-145.569,-43.396,164.49
1183.664,0.373,0.646,-0.18,-142.395,-38.391,150.024
1204.072,0.395,0.676,-0.259,-133.484,-4.7,123.535
1224.48,0.531,0.854,-0.514,-4.7,-23.987,66.895
1244.888,0.623,0.299,-0.181,-20.508,-60.242,-4.15
1265.296,0.627,0.18,-0.094,-74.768,-55.054,13.733
1285.704,0.68,0.791,-0.159,-58.777,-40.1,49.133
1306.112,0.718,0.554,-0.401,-38.513,-43.64,-18.616
1326.52,0.779,0.409,-0.365,-10.315,-74.951,-41.138
1346.928,0.981,0.279,-0.055,67.383,-92.224,-64.819
1367.336,1.128,0.123,0.065,52.795,-76.111,-55.908
1387.744,1.239,0.231,0.169,53.65,-64.331,-55.115
1408.152,1.253,-0.088,0.193,45.471,-36.804,-61.462
1428.56,1.287,-0.253,0.128,31.433,-16.418,-21.973
1448.968,1.233,-0.071,0.167,17.639,-5.981,17.273
1469.376,1.172,0.144,-0.013,33.875,14.343,14.099
1489.784,1.081,-0.048,-0.202,77.026,8.301,-16.174
1510.192,1.05,-0.161,-0.125,51.208,-1.099,-12.024
1530.6,1.012,-0.123,0.008,48.584,9.888,7.751
1551.008,0.964,0.018,-0.243,43.762,18.86,21.423
1571.416,0.965,0.158,-0.092,56.641,-6.592,15.503
1591.824,0.938,0.135,-0.038,31.616,-0.244,-4.028
1612.232,0.943,0.024,-0.106,17.151,-1.77,-7.019
1632.64,0.953,0.031,-0.042,25.879,7.69,-4.089
1653.048,0.969,0.05,-0.155,31.433,10.376,0.671
1673.456,0.974,0.163,-0.036,42.297,5.066,2.93
1693.864,0.973,0.217,-0.166,46.814,13.184,-8.423
1714.272,0.995,0.131,-0.038,53.955,0.977,-20.813
1734.68,0.989,0.055,-0.062,53.833,12.939,-19.714
1755.088,0.971,-0.033,-0.176,26.123,18.677,-4.7
1775.496,0.95,0.094,-0.161,17.517,14.526,7.874
1795.904,0.932,0.116,-0.211,27.283,15.808,1.526
1816.312,0.916,0.129,-0.212,17.822,3.174,1.404
1836.72,0.95,0.079,-0.192,16.174,-5.92,-2.625
1857.128,0.983,0.177,-0.032,17.822,-12.817,-2.686
1877.536,0.97,0.126,-0.094,20.813,-2.563,-11.658
1897.944,0.978,-0.038,-0.099,11.353,-3.113,-8.179
1918.352,0.998,0.038,-0.08,2.869,3.052,5.676
1938.76,0.984,0.06,-0.18,-0.488,5.127,5.066
1959.168,0.985,0.09,-0.085,-3.662,-7.874,0.793
1979.576,0.988,0.033,-0.154,-8.728,-3.662,-3.418
1999.984,0.978,-0.007,-0.125,-21.24,-10.315,-1.16
2020.392,0.995,0.131,-0.048,-12.573,-6.531,2.197
2040.8,0.978,0.005,-0.091,-12.939,1.038,-2.502
2061.208,0.978,0.025,-0.098,-15.259,1.282,3.601
2081.616,0.965,0.121,-0.153,-11.658,2.075,2.869
2102.024,0.976,0.086,-0.094,-11.78,-4.028,-3.479
2122.432,0.996,0.049,-0.114,-7.263,-1.404,-5.249
2142.84,1.01,0.042,-0.048,-10.803,-0.427,-2.38
2163.248,1.001,0.07,-0.136,-7.141,3.662,1.343
2183.656,1.003,0.048,-0.119,-4.639,-0.122,-1.404
2204.064,1.001,-0.002,-0.092,-8.545,1.953,2.747
2224.472,1.001,0.059,-0.075,-11.108,1.77,4.7
2244.88,0.988,0.06,-0.07,-7.202,7.263,2.38
2265.288,0.968,0.024,-0.15,-8.484,5.066,4.761
2285.696,0.957,0.095,-0.138,-7.507,2.441,7.446
2306.104,0.953,0.081,-0.146,-2.563,-0.732,-1.343
2326.512,0.979,-0.032,-0.072,-0.183,-2.93,-1.404
2346.92,0.981,0.025,-0.079,-2.197,0.244,5.554
2367.328,0.974,0.017,-0.075,3.601,-1.221,2.258
2387.736,0.98,0,-0.073,9.399,0.305,0.183
2408.144,0.985,0.059,-0.089,15.747,3.723,-0.366
2428.552,0.467,1.655,-0.676,37.109,243.53,132.446
2448.96,0.381,1.567,-1.055,31.311,214.783,71.838
2469.368,0.308,1.325,-0.746,45.471,121.704,-16.968
2489.776,0.205,1.033,-0.597,63.11,109.619,-49.927
2510.184,0.009,0.905,-0.737,65.308,115.784,-62.744
2530.592,-0.321,1.089,-1.065,73.303,121.887,-75.317
2551,-0.579,1.197,-1.537,84.839,121.46,-115.723
2571.408,-0.972,1.516,-2.017,5.554,40.833,-153.015
2591.816,-0.806,0.464,-1.778,-74.341,-73.425,-270.752
2612.224,-0.674,-0.114,-1.432,-70.374,-138.489,-222.778
2632.632,-0.771,0.083,-1.445,-26.794,-210.754,-187.5
2653.04,-1.046,-0.158,-1.216,-1.892,-281.006,-213.867
2673.448,-1.248,-0.798,-0.507,-12.451,-383.545,-223.633
2693.856,-1.361,-1.173,0.071,26.489,-424.744,-298.828
2714.264,-1.135,-2.283,0.145,49.194,-426.941,-160.034
2734.672,-1.02,-1.963,0.835,-34.424,-458.008,8.728
2755.08,-0.751,-1.04,1.072,-59.631,-441.772,72.083
2775.488,-0.585,-1.332,0.998,25.024,-377.686,51.453
2795.896,-0.671,-2.097,1.422,56.335,-391.296,111.206
2816.304,-0.703,-2.081,2.421,3.906,-418.518,197.266
2836.712,-0.753,-0.636,3.248,-142.029,-289.185,365.234
2857.12,-0.558,0.33,2.511,-347.534,-117.065,355.103
2877.528,-0.539,0.459,2.405,-473.755,-41.931,323.12
2897.936,-0.745,0.929,1.711,-461.914,44.678,358.521
2918.344,-0.816,1.371,1.128,-566.162,147.339,451.538
2938.752,-0.715,2.978,0.555,-438.354,215.454,317.932
2959.16,-0.606,3.046,-0.075,-335.937,270.935,149.536
2979.568,-0.671,2.622,-0.257,-184.082,234.802,-14.771
2999.976,-0.621,1.584,0.042,-194.519,176.575,-55.176
3020.384,-0.598,1.476,0.146,-170.105,181.152,-59.631
3040.792,-0.627,1.745,-0.128,-123.84,221.008,-86.609
3061.2,-0.672,1.803,-0.286,-126.099,233.032,-135.193
3081.608,-0.873,1.459,-0.42,-79.224,231.873,-181.335
3102.016,-1.06,0.888,-0.785,-47.363,224.243,-197.876
3122.424,-1.018,0.6,-1.247,-15.686,88.989,-186.707
3142.832,-0.805,0.715,-0.806,-50.72,-66.223,-186.89
3163.24,-0.593,0.858,0.04,-49.866,-151.428,-208.313
3183.648,-0.651,0.786,-0.028,3.54,-77.454,-253.723
3204.056,-0.709,0.691,-0.7,64.819,-39.978,-277.893
3224.464,-0.833,0.761,-0.963,65.918,-90.21,-279.724
3244.872,-1.025,0.501,-0.374,2.991,-229.797,-320.862
3265.28,-1.05,0.014,0.124,8.179,-250.671,-354.797
3285.688,-0.875,-0.256,0.194,19.775,-236.389,-350.281
3306.096,-0.601,-0.187,0.459,38.879,-218.811,-312.744
3326.504,-0.755,-0.049,0.043,100.281,-159.424,-312.256
3346.912,-0.74,-0.425,0.493,77.698,-233.215,-344.116
3367.32,-0.819,-0.324,1.283,38.33,-274.902,-334.351
3387.728,-0.859,-0.812,1.296,106.567,-150.452,-372.437
3408.136,-0.917,-0.981,1.675,2.563,-144.836,-457.275
3428.544,-0.876,-1.282,1.907,29.907,-73.12,-343.445
3448.952,-0.827,-1.587,1.86,79.102,2.563,-311.768
3469.36,-0.708,-1.741,1.876,12.146,70.801,-296.692
3489.768,-0.796,-2.069,1.845,171.997,152.161,-304.321
3510.176,-0.846,-2.509,1.337,-79.468,234.253,-335.205
3530.584,-0.883,-2.764,1.836,-274.658,187.866,-305.359
3550.992,-0.984,-2.501,2.713,-258.301,223.816,-237.122
3571.4,-1.087,-2.326,2.496,-67.2,306.58,-115.295
3591.808,-1.053,-1.839,1.199,58.167,402.466,-49.011
3612.216,-0.764,-1.596,0.397,86.304,363.403,-0.549
3632.624,-0.599,-1.44,0.19,69.275,333.801,57.129
3653.032,-0.421,-1.273,0.613,34.851,288.818,80.322
3673.44,-0.469,-0.91,0.36,-6.409,360.046,115.173
3693.848,-0.412,-0.562,-0.093,30.029,382.385,141.113
3714.256,-0.13,-0.362,-0.419,118.408,337.341,137.695
3734.664,0.041,-0.307,-0.432,109.009,268.555,126.709
3755.072,0.177,-0.298,-0.499,96.619,241.577,115.173
3775.48,0.213,-0.424,-0.574,59.998,202.148,108.398
3795.888,0.29,-0.369,-0.622,90.82,152.771,134.521
3816.296,0.336,-0.232,-0.596,83.496,122.192,143.188
3836.704,0.385,-0.166,-0.594,58.533,88.806,132.385
3857.112,0.419,0.01,-0.656,51.88,62.866,130.127
3877.52,0.491,0.16,-0.64,89.783,36.316,125.793
3897.928,0.58,0.389,-0.578,111.206,4.639,104.553
3918.336,0.633,0.302,-0.53,111.206,-20.447,68.848
3938.744,0.705,0.08,-0.387,87.769,-56.641,58.105
3959.152,0.767,0.192,-0.157,108.276,-63.538,75.684
3979.56,0.945,0.611,-0.148,123.047,-55.908,73.914
3999.968,1.05,0.575,-0.042,85.144,-51.147,8.362
4020.376,1.08,0.334,-0.112,89.905,-38.94,-16.357
4040.784,1.109,0.006,-0.122,105.042,-39.185,-21.057
4061.192,1.171,0.151,-0.018,86.792,-40.283,5.737
4081.6,1.192,0.19,0.114,72.632,-31.86,2.747
4102.008,1.153,0.204,-0.035,78.918,2.319,-3.662
4122.416,1.107,0.115,-0.118,65.674,4.028,-16.479
4142.824,1.064,-0.012,-0.163,55.359,1.831,-14.282
4163.232,1.028,0.148,-0.062,59.143,-1.343,-1.892
4183.64,1.017,0.138,-0.092,30.029,7.507,-6.348
4204.048,1.005,0.16,-0.099,6.409,8.972,-5.554
4224.456,0.983,0.049,-0.206,5.005,8.179,-11.719
4244.864,0.993,0.12,-0.071,2.686,-0.732,-4.089
4265.272,0.986,0.088,-0.128,8.057,8.362,-6.775
4285.68,0.973,0.016,-0.1,15.015,5.798,-10.925
4306.088,0.974,0.048,-0.066,20.447,7.751,-7.996
4326.496,0.951,0.081,-0.148,23.987,15.564,-9.583
4346.904,0.948,0.033,-0.183,21.301,13.611,-9.277
4367.312,0.96,0.094,-0.165,32.471,7.629,-9.46
4387.72,0.977,0.001,-0.148,31.982,5.798,-10.376
4408.128,0.971,0.031,-0.181,30.64,6.47,-4.272
4428.536,0.987,0.088,-0.164,28.076,2.686,-3.052
4448.944,0.983,0.06,-0.138,21.301,5.31,-3.113
4469.352,0.975,0.083,-0.213,20.02,8.362,-0.916
4489.76,0.963,0.136,-0.211,17.395,1.038,-2.991
4510.168,0.971,0.048,-0.204,24.353,-2.502,-8.667
4530.576,0.971,0.047,-0.158,18.127,-2.747,-3.235
4550.984,0.988,0.149,-0.161,13.062,-6.653,0.916
4571.392,0.991,0.194,-0.06,11.658,-9.521,-3.357
4591.8,0.979,0.047,-0.156,6.958,1.343,-13.733
4612.208,0.974,-0.001,-0.159,-3.601,-5.249,-7.629
4632.616,0.977,-0.006,-0.099,-21.362,-1.831,-0.427
4653.024,0.983,0.071,-0.121,-21.912,0.305,3.357
4673.432,0.971,0.026,-0.15,-17.639,1.892,-2.502
4693.84,0.964,-0.002,-0.155,-17.578,1.465,-0.244
4714.248,0.949,0.032,-0.196,-25.574,2.686,0.916
4734.656,0.961,0.041,-0.17,-27.771,-1.953,2.014
4755.064,0.978,0.042,-0.159,-26.733,-2.563,2.869
4775.472,1,0.077,-0.11,-22.217,-4.517,2.441
4795.88,1.001,0.06,-0.1,-16.785,-2.502,-1.709
4816.288,0.997,0.039,-0.113,-9.521,0.427,-3.723
4836.696,0.996,-0.022,-0.114,-10.437,0,-1.709
4857.104,-1.895,-0.647,-0.523,19.714,-415.344,-73.364
4877.512,-2.071,-1.077,0.331,13.245,-521.851,-61.89
4897.92,-2.102,-1.502,0.726,37.598,-526.245,-15.503
4918.328,-2.33,-1.216,0.519,12.878,-487.488,120.361
4938.736,-2.694,-0.462,1.11,-104.614,-551.758,226.379
4959.144,-2.544,0.023,2.046,-102.051,-623.962,278.87
4979.552,-2.018,0.259,3.041,-70.129,-590.515,241.516
4999.96,-1.539,-0.691,3.183,-44.739,-391.541,153.259
5020.368,-1.739,-0.866,2.679,-88.318,-220.154,241.516
5040.776,-1.756,-0.388,1.99,-16.541,-132.935,282.532
5061.184,-1.821,-0.448,2.01,-29.907,-142.151,293.823
5081.592,-1.906,-0.717,2.263,-48.035,-107.178,309.082
5102,-2.573,-1.083,2.161,49.255,-15.381,373.413
5122.408,-2.628,-0.101,1.458,206.177,-0.732,487.915
5142.816,-2.071,0.746,1.888,140.991,-196.594,435.425
5163.224,-1.774,1.008,3.344,-134.888,-228.21,313.416
5183.632,-1.39,1.674,3.42,-197.388,23.132,95.093
5204.04,-1.497,0.548,1.815,-250.793,126.77,-88.806
5224.448,-1.221,0.471,1.922,-210.205,116.943,-117.859
5244.856,-1.206,1.383,2.145,-138.367,171.936,-174.5
5265.264,-1.009,0.798,2.13,-169.678,201.355,-309.998
5285.672,-0.83,-0.68,1.888,-262.817,250.549,-385.193
5306.08,-0.462,-0.911,1.257,-212.341,337.036,-295.898
5326.488,-0.12,-1.531,1.171,-259.583,353.21,-147.522
5346.896,-0.021,-1.413,1.323,-262.939,395.935,-13.306
5367.304,-0.156,-0.223,0.04,-164.429,497.681,108.093
5387.712,-0.235,0.29,-0.722,-132.568,463.013,88.379
5408.12,-0.128,0.353,-0.915,-96.375,367.615,57.861
5428.528,-0.193,0.364,-0.829,-67.566,231.14,53.223
5448.936,-0.518,1.088,-0.689,-14.954,148.193,85.266
5469.344,-0.441,1.164,-0.542,-3.967,91.736,31.128
5489.752,-0.708,1.047,-0.389,8.789,65.063,-62.195
5510.16,-0.836,1.384,-0.445,61.768,49.5,-131.653
5530.568,-0.882,0.767,-0.334,35.217,-12.268,-285.583
5550.976,-0.813,0.268,-0.053,36.987,-55.603,-334.839
5571.384,-0.701,-0.103,0.266,60.974,-76.233,-326.233
5591.792,-0.708,0.003,0.246,79.651,-37.231,-297.241
5612.2,-0.752,0.327,0.078,97.168,-24.414,-321.472
5632.608,-0.879,0.144,0.314,50.11,-54.81,-380.127
5653.016,-1.008,-0.185,0.532,67.688,-60.73,-463.379
5673.424,-1.055,-1.019,0.884,30.823,-96.802,-548.218
5693.832,-1.212,-1.306,1.308,20.813,-104.065,-468.811
5714.24,-1.187,-1.12,1.893,89.966,-57.129,-394.897
5734.648,-1.599,-1.391,2.032,31.982,97.29,-416.87
5755.056,-1.736,-2.02,1.38,51.575,253.113,-473.999
5775.464,-1.728,-2.675,0.764,137.451,292.419,-472.229
5795.872,-1.413,-3.1,0.314,150.818,274.719,-332.581
5816.28,-1.283,-2.58,1.163,56.641,212.891,-164.185
5836.688,-1.27,-2.964,0.785,108.521,330.444,-156.555
5857.096,-1.272,-3.171,-0.4,149.231,354.736,-99.609
5877.504,-1.12,-2.458,-0.185,168.335,236.755,38.818
5897.912,-1.187,-2.704,-0.382,204.224,238.281,40.161
5918.32,-1.274,-2.674,-0.569,185.73,230.896,100.22
5938.728,-1.385,-1.99,-0.373,137.268,181.396,215.21
5959.136,-1.238,-1.572,-0.301,150.269,167.847,258.118
5979.544,-1.231,-1.385,-0.434,159.851,162.659,275.452
5999.952,-1.065,-0.9,-0.543,174.5,117.249,313.538
6020.36,-0.833,-0.641,-0.582,172.485,66.284,298.95
6040.768,-0.714,-0.587,-0.539,171.814,14.16,285.217
6061.176,-0.665,-0.427,-0.527,171.997,-5.554,292.053
6081.584,-0.579,-0.223,-0.605,154.114,-41.443,301.636
6101.992,-0.459,-0.077,-0.617,100.586,-77.637,301.636
6122.4,-0.356,-0.019,-0.44,80.322,-91.858,282.593
6142.808,-0.278,0.281,-0.197,123.047,-80.261,283.203
6163.216,-0.133,0.627,-0.397,129.7,-69.153,259.216
6183.624,-0.033,0.672,-0.575,99.976,-110.901,169.922
6204.032,0.137,0.5,-0.392,82.397,-149.17,112.183
6224.44,0.288,0.457,0.039,108.337,-162.842,75.562
6244.848,0.35,0.572,0.051,136.78,-140.991,38.269
6265.256,0.493,0.535,0.096,121.521,-145.325,-1.16
6285.664,0.677,0.097,0.425,59.387,-168.823,-28.137
6306.072,0.682,0.025,0.503,28.625,-137.451,-3.479
6326.48,0.818,0.52,0.175,49.866,-94.91,26.367
6346.888,0.917,0.632,0.484,62.378,-116.272,-40.222
6367.296,1.076,0.06,0.651,63.66,-73.975,-86.365
6387.704,1.19,-0.113,0.675,19.287,-48.889,-39.063
6408.112,1.28,0.134,0.592,-9.705,-29.907,-3.357
6428.52,1.334,0.566,0.787,-28.931,-37.476,-11.963
6448.928,1.303,0.249,0.902,12.329,9.644,-78.064
6469.336,1.284,-0.257,0.475,-3.54,47.974,-81.36
6489.744,1.28,0.03,0.459,-35.522,30.334,-22.888
6510.152,1.153,0.061,0.284,22.4,51.514,-44.617
6530.56,1.129,-0.135,-0.07,43.213,55.725,-62.195
6550.968,1.051,-0.272,0.139,24.292,11.169,-45.105
6571.376,1.001,-0.078,-0.043,72.205,16.602,-18.066
6591.784,0.962,-0.02,-0.296,55.115,6.409,-28.564
6612.192,0.94,0.126,-0.038,16.785,-81.055,-52.979
6632.6,0.859,-0.152,0.507,-30.029,-110.046,-91.736
6653.008,0.969,-0.544,0.687,-49.438,-57.861,-96.313
6673.416,0.848,-0.776,0.312,40.71,62.134,-7.263
6693.824,0.886,0.049,-0.3,104.248,70.374,86.731
6714.232,0.934,0.361,-0.244,85.693,10.742,51.636
6734.64,0.892,-0.422,0.436,4.15,-51.941,-23.01
6755.048,0.902,-0.535,0.397,48.584,20.447,46.936
6775.456,0.907,-0.046,0.138,62.744,28.381,75.928
6795.864,0.999,-0.029,0.429,15.869,25.879,57.617
6816.272,0.995,-0.162,0.4,-38.391,56.091,57.8
6836.68,1.022,0.092,-0.091,-94.91,83.435,73.364
6857.088,0.985,0.233,-0.151,-91.309,47.974,50.72
6877.496,1.013,0.025,-0.085,-98.999,16.541,4.028
6897.904,0.972,-0.124,-0.03,-86.243,1.099,8.057
6918.312,0.957,0.048,-0.026,-49.5,2.808,18.005
6938.72,0.992,-0.004,0.04,-28.87,-2.502,11.169
6959.128,1.004,-0.011,0.197,-33.447,12.939,15.015
6979.536,0.999,0.006,0.115,-29.053,14.954,15.137
6999.944,1.012,-0.026,-0.069,-13.55,15.991,9.644
7020.352,1.015,0.006,0.033,-12.024,0.122,11.963
7040.76,1.011,0.065,0.104,-11.23,5.737,11.841
7061.168,0.99,0.074,0.076,-18.433,8.179,8.301
7081.576,0.971,0.056,-0.023,-35.034,8.728,7.202
7101.984,0.99,0.02,0.032,-48.95,-2.563,4.395
7122.392,0.978,0.054,0.047,-47.058,2.136,3.662
7142.8,0.976,-0.005,-0.021,-32.288,9.827,-1.221
7163.208,0.977,0.018,-0.028,-48.828,5.493,3.174
7183.616,0.983,0.039,0.026,-39.063,5.676,6.897
7204.024,0.978,0.092,0,-27.405,4.7,10.254
7224.432,0.985,0.139,0.063,-28.931,2.258,5.371
7244.84,0.977,-0.006,-0.001,-24.048,7.202,-3.784
7265.248,0.991,0.045,-0.004,-10.498,6.958,5.005
7285.656,1.526,-0.878,0.68,-25.33,47.607,26.245
7306.064,1.562,-0.684,0.635,-24.048,91.37,79.834
7326.472,1.551,-0.336,0.341,-6.775,133.118,100.403
7346.88,1.477,-0.284,0.286,29.724,164.917,99.304
7367.288,1.34,-0.051,0.239,54.749,187.256,111.084
7387.696,1.129,0.407,-0.126,65.002,213.501,111.755
7408.104,1.004,0.425,-0.214,59.692,213.074,101.685
7428.512,0.648,0.647,-0.571,42.114,239.258,118.713
7448.92,0.224,0.91,-0.802,9.216,232.971,126.77
7469.328,-0.095,0.815,-1.201,-0.977,223.816,94.543
7489.736,-0.388,0.752,-1.526,37.109,164.307,46.814
7510.144,-0.528,0.459,-1.56,78.369,99.854,1.099
7530.552,-0.737,0.356,-1.359,99.915,49.133,2.136
7550.96,-1.062,0.647,-1.804,105.713,5.554,6.287
7571.368,-1.086,0.863,-1.752,125.244,-119.629,-28.687
7591.776,-1.032,0.744,-0.96,141.235,-166.321,-65.247
7612.184,-0.997,1.106,-0.654,168.335,-192.566,-97.473
7632.592,-0.901,1.108,0.153,126.038,-216.492,-147.339
7653,-0.924,1.025,0.282,96.191,-169.617,-254.517
7673.408,-1.062,0.725,0.104,92.041,-171.631,-302.307
7693.816,-1.104,0.243,0.395,110.718,-200.806,-372.192
7714.224,-1.088,0.171,0.438,148.132,-179.81,-396.362
7734.632,-1.17,0.086,0.479,165.344,-178.955,-425.842
7755.04,-1.171,0.011,0.833,184.998,-186.218,-462.158
7775.448,-1.376,0.257,1.038,182.007,-101.685,-481.201
7795.856,-1.684,0.58,0.947,203.43,-51.819,-539.307
7816.264,-2.385,-0.966,1.409,118.958,-50.293,-755.005
7836.672,-2.873,-3.676,2.906,-110.535,-25.024,-868.042
7857.08,-2.765,-4,3.156,33.569,212.769,-503.296
7877.488,-2.686,-2.942,1.643,172.668,390.442,-291.138
7897.896,-2.724,-3.537,1.101,164.551,408.264,-298.706
7918.304,-2.886,-3.788,0.128,355.347,405.151,-140.686
7938.712,-2.79,-3.75,0.086,236.023,354.858,-31.616
7959.12,-2.711,-2.868,0.311,169.983,343.201,114.563
7979.528,-2.38,-1.915,-0.355,212.097,341.003,197.815
7999.936,-2.183,-1.343,-0.141,194.58,288.086,237.183
8020.344,-2.006,-0.971,-0.364,159.302,281.86,241.76
8040.752,-1.945,-1.069,-0.867,143.86,260.132,237.854
8061.16,-1.78,-0.964,-1.039,180.237,149.353,266.418
8081.568,-1.682,-0.871,-1.174,152.527,84.229,293.64
8101.976,-1.624,-0.458,-0.736,138.977,-13,342.468
8122.384,-1.488,-0.188,-0.815,115.54,-35.828,347.839
8142.792,-1.356,0.025,-0.74,97.168,-71.228,318.909
8163.2,-1.223,-0.183,-0.748,122.803,-155.212,268.982
8183.608,-1.287,-0.46,-0.206,103.455,-240.662,273.071
8204.016,-1.294,-0.082,-0.039,101.746,-265.808,305.481
8224.424,-1.339,0.099,0.077,108.521,-287.354,302.551
8244.832,-1.183,-0.102,0.451,97.351,-316.65,272.4
8265.24,-1.218,0.257,0.342,115.54,-278.87,294.617
8285.648,-1.224,0.443,0.183,117.065,-285.889,278.809
8306.056,-1.1,0.128,0.818,142.212,-371.948,206.604
8326.464,-0.902,-0.471,2.173,202.881,-462.83,169.861
8346.872,-0.649,-0.377,3.088,213.44,-417.358,213.562
8367.28,-0.204,0.465,3.9,150.94,-274.658,276.367
8387.688,-0.137,1.027,3.289,123.779,21.545,242.798
8408.096,0.203,0.343,1.182,98.022,38.086,124.023
8428.504,0.158,-0.387,1.744,82.764,-112.305,109.985
8448.912,0.044,-0.035,2.081,139.343,-105.835,181.213
8469.32,-0.235,0.041,1.983,129.822,-47.791,205.078
8489.728,-0.253,0.064,2.475,94.299,-65.247,257.568
8510.136,-0.353,1.18,3.178,74.646,-24.292,310.364
8530.544,-0.23,2.504,2.894,134.46,105.408,267.273
8550.952,-0.301,2.369,0.941,24.658,164.429,52.856
8571.36,0.015,0.167,2.199,-21.729,-38.391,-63.049
8591.768,-0.03,0.208,3.057,238.892,104.797,-28.748
8612.176,-0.065,-0.064,1.428,-26.794,62.073,40.222
8632.584,-0.019,0.452,0.113,-33.447,158.081,140.869
8652.992,0.058,0.946,-0.799,-1.709,107.666,200.684
8673.4,0.315,1.62,0.943,-236.084,1.343,47.058
8693.808,0.143,0.293,1.348,-29.053,139.893,-208.374
8714.216,-0.002,-0.237,-0.467,-50.171,302.856,-219.604
8734.624,0.029,-0.688,-1.447,-130.188,8.606,-159.241
8755.032,-0.015,-0.562,-0.823,-192.017,-266.113,2.93
8775.44,0.026,0.984,1.262,-110.474,-387.207,193.542
8795.848,0.005,1.195,1.894,-60.242,-259.644,106.567
8816.256,0.026,0.194,1.314,45.837,-33.997,-34.18
8836.664,-0.069,0.009,0.809,141.357,44.8,18.25
8857.072,-0.01,0.449,1.125,103.577,-20.325,52.185
8877.48,0.085,0.902,2.786,50.171,-39.917,46.143
8897.888,0.1,0.7,2.788,78.247,131.165,-1.77
8918.296,0.151,0.509,1.823,85.876,336.731,-2.93
8938.704,0.168,0.758,1.372,52.368,392.334,7.019
8959.112,0.243,0.837,0.706,-31.677,421.997,-44.006
8979.52,0.224,0.749,0.379,-67.505,416.504,-87.219
8999.928,0.322,0.343,-0.251,-49.561,403.198,-123.962
9020.336,0.562,0.062,-0.725,-54.871,311.584,-117.615
9040.744,0.663,-0.021,-0.79,-18.433,116.028,-82.581
9061.152,0.748,0.151,0.063,-88.928,48.889,-54.626
9081.56,0.673,0.249,0.253,-46.265,75.806,-59.57
9101.968,0.581,0.169,0.021,-46.875,131.775,-83.374
9122.376,0.529,-0.048,-0.456,-64.819,116.028,-88.562
9142.784,0.603,-0.228,-0.469,-112.915,24.719,-76.294
9163.192,0.675,-0.273,-0.033,-157.166,-34.668,-54.932
9183.6,0.727,-0.189,0.378,-152.344,-29.785,-26.611
9204.008,0.68,-0.236,-0.042,-109.253,43.152,-25.024
9224.416,0.714,-0.536,-0.529,-109.314,36.133,-22.644
9244.824,0.811,-0.579,-0.513,-117.615,-50.781,30.701
9265.232,1.011,-0.067,0.276,-125.854,-92.957,64.209
9285.64,1.068,0.199,0.29,-47.18,-35.889,12.146
9306.048,1.048,-0.248,-0.012,-54.199,-23.682,-29.785
9326.456,1.137,-0.371,0.282,-57.373,-44.373,2.93
9346.864,1.202,-0.039,0.541,-61.218,-24.658,40.71
9367.272,1.166,0.242,0.531,-47.424,10.254,24.475
9387.68,1.12,0.061,0.175,-44.861,34.18,-2.38
9408.088,1.126,-0.125,0.232,-55.786,10.62,2.502
9428.496,1.141,0.045,0.395,-66.589,11.23,18.616
9448.904,1.114,0.015,0.212,-78.186,36.56,5.615
9469.312,1.064,0.026,0.128,-65.063,40.527,-3.052
9489.72,1.004,-0.221,-0.067,-66.711,36.255,-5.493
9510.128,0.972,0.026,0.021,-35.339,26.062,15.869
9530.536,0.96,0.002,-0.056,-37.72,33.02,9.094
9550.944,0.973,0.122,0.106,-22.034,25.085,12.268
9571.352,0.956,0.186,0.031,-15.93,42.236,-5.859
9591.76,0.945,-0.159,-0.169,-22.766,32.288,-10.132
9612.168,0.956,-0.082,-0.105,-24.353,16.113,10.559
9632.576,0.944,0.034,-0.099,-17.334,4.944,14.465
9652.984,0.968,0.129,-0.025,-0.977,3.418,10.681
9673.392,0.982,0.073,-0.042,-9.216,5.92,-1.16
9693.8,0.983,0.038,-0.001,-9.521,5.31,-0.916
9714.208,1.393,-0.241,1.192,43.396,-33.325,-185.364
9734.616,1.42,-0.191,1.225,21.423,40.649,-172.974
9755.024,1.307,-0.159,1.374,1.709,75.439,-189.331
9775.432,1.132,-1.119,1.022,-46.997,146.301,-244.141
9795.84,0.832,-1.323,1.116,-59.631,168.64,-326.477
9816.248,0.399,-2.387,0.213,-28.381,266.296,-187.988
9836.656,0.252,-2.261,-0.521,13.977,225.159,-103.577
9857.064,0.159,-2.703,-0.36,-1.038,172.913,-68.054
9877.472,-0.132,-2.383,-0.391,-30.029,196.594,92.957
9897.88,-0.381,-1.323,-1.169,4.578,245.728,185.364
9918.288,-0.569,-0.888,-1.843,3.174,224.854,186.523
9938.696,-0.559,-0.719,-2.312,-16.907,90.393,157.532
9959.104,-0.565,-0.853,-1.445,-0.916,-53.711,144.958
9979.512,-0.66,-0.604,-1.212,-10.803,-100.22,170.044
9999.92,-0.701,-0.482,-0.917,-22.278,-130.493,179.993
10020.328,-0.902,-0.169,-1.332,-31.616,-133.911,195.618
10040.736,-1.117,-0.463,-1.094,-51.636,-222.717,185.364
10061.144,-1.552,-0.642,-1.253,-35.645,-282.349,219.421
10081.552,-2.128,-0.361,-0.394,-21.729,-404.846,283.875
10101.96,-2.599,-0.45,-0.5,10.437,-439.941,289.978
10122.368,-3.242,-1.034,0.962,-5.92,-588.806,354.37
10142.776,-3.424,-0.029,1.948,-8.118,-574.341,509.155
10163.184,-3.077,0.818,2.771,-50.415,-526.123,548.828
10183.592,-2.66,0.806,3.397,-91.064,-447.388,512.695
10204,-2.533,0.76,3.182,-88.074,-202.454,477.417
10224.408,-3.017,1.238,2.683,-66.956,-41.199,519.47
10244.816,-2.567,2.009,2.604,62.439,-18.616,631.042
10265.224,-2.089,1.751,3.543,-33.02,-30.579,357.971
10285.632,-1.886,0.411,3.244,-200.745,189.575,205.383
10306.04,-1.976,0.015,2.37,-145.02,315.063,224.792
10326.448,-2.102,1.183,1.345,-104.309,375.488,288.879
10346.856,-1.719,1.629,0.326,-127.563,293.518,158.081
10367.264,-0.902,0.948,0.882,-194.397,150.635,67.322
10387.672,-0.514,1.069,1.29,-188.293,159.851,40.833
10408.08,-0.48,1.065,1.126,-199.89,190.43,17.395
10428.488,-0.389,1.018,0.68,-253.845,218.689,-11.902
10448.896,-0.25,1.326,0.353,-352.173,216.797,-49.438
10469.304,-0.121,1.439,0.232,-434.998,211.304,-104.431
10489.712,-0.256,1.126,-0.09,-226.624,224.609,-201.05
10510.12,-0.412,0.949,-0.445,-41.199,240.723,-255.066
10530.528,-0.586,0.543,-0.715,37.903,225.708,-289.856
10550.936,-0.474,0.449,-0.7,69.58,163.208,-268.494
10571.344,-0.394,0.976,-0.267,45.288,105.591,-234.741
10591.752,-0.536,0.983,-0.18,-18.188,80.994,-296.387
10612.16,-0.707,0.591,0.162,-69.397,30.09,-350.708
10632.568,-0.738,0.138,0.468,-81.909,0.183,-385.925
10652.976,-0.705,0.134,0.261,-57.8,-4.272,-371.155
10673.384,-0.72,0.203,0.262,-86.426,-53.955,-369.568
10693.792,-0.696,0.31,0.676,-82.214,-86.487,-368.774
10714.2,-0.846,0.117,0.749,35.583,-36.621,-385.071
10734.608,-0.934,-0.042,0.505,51.453,7.812,-386.597
10755.016,-1.287,-0.125,0.4,24.475,4.822,-382.996
10775.424,-1.654,-0.362,1.106,-0.977,-69.519,-425.537
10795.832,-2.037,-0.912,1.781,-139.954,-85.51,-498.901
10816.24,-2.287,-1.718,2.162,-228.882,-13.855,-614.441
10836.648,-1.963,-2.594,1.538,171.692,137.024,-483.582
10857.056,-1.574,-2.497,1.169,175.72,208.984,-313.477
10877.464,-1.567,-2.33,1.83,141.479,211.243,-256.958
10897.872,-1.993,-3.491,0.863,170.227,402.222,-263.428
10918.28,-1.801,-3.431,-0.416,262.39,416.87,-101.013
10938.688,-1.665,-2.778,0.031,267.029,267.395,74.097
10959.096,-1.604,-2.5,0.285,229.919,273.132,102.051
10979.504,-1.657,-1.892,-0.032,220.093,280.762,195.19
10999.912,-1.603,-1.545,-0.068,202.881,255.127,244.568
11020.32,-1.584,-1.263,-0.166,168.518,239.624,274.658
11040.728,-1.556,-1.04,-0.575,169.495,216.98,314.392
11061.136,-1.463,-0.911,-0.774,175.476,148.743,333.862
11081.544,-1.308,-0.794,-0.682,142.639,70.435,339.233
11101.952,-1.186,-0.17,-0.296,138.367,22.278,371.643
11122.36,-0.92,0.307,-0.254,132.568,54.932,331.97
11142.768,-0.639,0.111,-0.625,91.492,80.322,277.039
11163.176,-0.511,-0.166,-0.894,106.201,24.597,246.399
11183.584,-0.467,-0.075,-0.76,114.441,-40.039,253.296
11203.992,-0.422,0.181,-0.858,100.22,-72.998,245.85
11224.4,-0.165,0.436,-0.561,96.191,-141.357,219.604
11244.808,0.061,0.637,-0.44,104.736,-143.982,164.246
11265.216,0.163,0.518,-0.548,106.018,-148.865,103.76
11285.624,0.369,0.562,-0.252,142.029,-188.232,49.927
11306.032,0.491,0.42,-0.03,124.023,-202.82,14.16
11326.44,0.766,0.357,0.341,76.294,-221.191,7.751
11346.848,0.97,0.483,0.863,47.363,-226.379,20.874
11367.256,1.306,0.725,1.261,17.517,-139.282,10.62
11387.664,1.395,0.616,1.129,13.855,-83.984,-25.452
11408.072,1.375,0.042,0.695,6.531,-41.626,-59.387
11428.48,1.401,-0.054,0.758,-2.869,-27.527,-27.161
11448.888,1.35,0.118,0.46,-4.517,3.357,-14.404
11469.296,1.274,0.129,0.26,-11.292,2.686,-24.048
11489.704,1.205,0.021,0.249,4.822,8.911,-39.307
11510.112,1.149,-0.148,0.122,6.226,14.893,-38.025
11530.52,1.113,-0.094,0.2,9.705,9.827,-15.503
11550.928,1.052,-0.105,0.118,-0.488,22.766,-6.409
11571.336,1.005,-0.101,0.062,1.282,16.785,-0.061
11591.744,0.972,-0.15,0.077,-0.305,12.207,5.066
11612.152,0.97,-0.06,0.121,4.7,9.888,16.235
11632.56,0.951,-0.075,0.135,2.502,16.846,14.648
11652.968,0.931,0.04,-0.014,0.549,21.179,23.01
11673.376,0.918,0.073,0.001,-14.648,14.038,23.804
11693.784,0.935,0.176,-0.063,-16.418,13.733,18.433
11714.192,0.922,0.042,-0.078,-16.235,7.202,5.615
11734.6,0.946,0.048,-0.021,-1.892,-1.099,0.671
11755.008,0.961,0.002,0.053,10.376,-2.563,-5.31
11775.416,0.989,-0.093,0.155,10.132,0.427,-3.235
11795.824,0.989,0.019,0.124,15.076,14.343,1.343
11816.232,0.986,-0.031,0.07,12.024,17.029,-0.183
11836.64,0.962,0.018,-0.019,9.888,27.039,4.333
11857.048,0.948,0.063,-0.115,2.136,13.428,3.357
11877.456,0.954,0.005,-0.104,0.61,0.977,-1.16
11897.864,0.998,0.005,0.036,8.789,-5.005,-0.977
11918.272,0.993,0.001,0.026,7.507,-4.089,-2.258
11938.68,1.007,0.005,0.078,7.996,-2.075,-1.038
11959.088,0.996,0.01,0.032,2.686,7.69,0
11979.496,1,0.004,0.011,2.808,7.69,1.526
11999.904,0.995,0.005,-0.059,3.723,6.714,3.113
12020.312,0.991,0.072,-0.04,7.202,-0.305,2.686
12040.72,1.016,0.024,0.072,5.615,-2.93,-2.93
12061.128,1,0.001,0.021,8.362,1.404,-4.456
12081.536,1.004,0.02,0.042,9.338,1.404,-1.648
12101.944,0.99,-0.062,0.033,7.751,1.404,-3.052
12122.352,1.001,0.045,0.056,11.963,3.54,2.319
12142.76,-0.491,1.517,0.869,242.676,-126.648,-346.069
12163.168,-1.129,0.94,0.391,271.484,-85.999,-520.569
12183.576,-1.668,-1.046,0.604,137.085,-130.188,-705.261
12203.984,-1.657,-2.565,2.089,-77.576,-126.282,-641.663
12224.392,-1.296,-1.814,2.495,75.928,80.75,-356.323
12244.8,-1.227,-1.506,1.447,97.534,236.511,-310.364
12265.208,-1.152,-1.549,0.991,144.531,225.098,-295.105
12285.616,-1.184,-2.28,1.408,126.587,193.481,-290.222
12306.024,-1.559,-2.682,2.281,84.106,205.627,-245.117
12326.432,-2.375,-3.237,1.062,143.738,388,-172.363
12346.84,-2.295,-2.984,0.311,226.135,339.417,-28.198
12367.248,-2.013,-1.989,0.542,306.03,270.996,114.136
12387.656,-1.788,-1.368,0.568,343.079,255.615,140.076
12408.064,-1.536,-1.11,0.501,326.66,264.526,201.66
12428.472,-1.573,-0.711,0.104,323.303,295.593,236.816
12448.88,-1.537,-0.36,-0.819,243.652,311.829,245.544
12469.288,-1.467,-0.5,-1.674,117.188,195.19,183.289
12489.696,-1.372,-1.114,-1.32,112.793,75.317,174.255
12510.104,-1.511,-0.793,-1.264,60.425,56.152,257.935
12530.512,-1.645,-0.526,-1.545,61.523,30.334,279.48
12550.92,-1.653,-0.396,-1.769,48.035,-14.343,277.344
12571.328,-1.73,-0.569,-1.701,54.504,-145.752,259.644
12591.736,-1.95,-0.482,-0.989,60.242,-276.428,294.861
12612.144,-2.186,-0.394,-0.535,11.292,-345.703,341.675
12632.552,-2.366,-0.238,-0.077,9.094,-378.113,379.578
12652.96,-2.487,-0.141,0.578,15.808,-404.602,410.522
12673.368,-2.513,0.467,0.748,48.828,-367.615,450.989
12693.776,-2.48,0.335,0.343,27.832,-352.905,404.48
12714.184,-2.627,-0.235,1.314,11.902,-432.8,410.461
12734.592,-2.582,0.607,2.219,27.1,-420.105,531.921
12755,-2.334,1.443,3.353,68.481,-434.265,629.272
12775.408,-1.727,3.232,4,180.847,-214.355,517.883
12795.816,-1.161,1.877,2.447,126.038,47.485,146.79
12816.224,-0.696,0.426,2.347,52.917,10.986,81.665
12836.632,-0.679,-0.316,2.725,-23.499,29.907,190.308
12857.04,-0.897,0.09,3.31,-39.856,80.75,309.753
12877.448,-1.141,1.679,3.476,5.859,256.47,418.03
12897.856,-1.047,2.992,2.439,18.188,372.742,349.609
12918.264,-0.332,3.104,1.643,-56.641,367.676,130.493
12938.672,0.012,0.167,1.142,-229.858,309.448,-109.192
12959.08,0.344,-0.632,0.921,-223.022,291.138,-68.542
12979.488,0.262,0.132,1.457,-146.24,281.921,121.521
12999.896,-0.192,1.202,0.61,-96.924,399.536,159.302
13020.304,-0.382,1.424,0.093,-100.342,410.156,129.517
13040.712,-0.616,1.736,-0.33,-55.298,364.563,66.162
13061.12,-0.621,1.521,-0.18,-23.254,302.856,-6.714
13081.528,-0.747,1.621,0.151,24.841,269.531,-25.757
13101.936,-0.918,1.712,-0.324,24.475,281.555,-94.482
13122.344,-0.991,1.438,-0.45,-6.47,244.263,-161.865
13142.752,-1.119,1.183,-0.711,16.602,170.288,-236.45
13163.16,-0.984,0.628,-0.641,-19.958,34.241,-307.495
13183.568,-0.882,0.469,-0.12,-17.761,-57.007,-313.416
13203.976,-0.717,0.357,0.342,-31.738,-67.383,-320.923
13224.384,-0.688,0.105,0.505,-41.443,-22.4,-322.327
13244.792,-0.695,0.253,-0.108,0.061,28.137,-301.941
13265.2,-0.584,0.099,-0.214,-11.23,-8.057,-317.322
13285.608,-0.458,-0.014,0.392,-23.376,-70.251,-312.012
13306.016,-0.41,0.001,0.712,1.953,-38.574,-319.702
13326.424,-0.551,-0.146,0.872,0.671,13.489,-353.455
13346.832,-0.746,-0.344,0.988,-19.409,41.565,-388.489
13367.24,-1.214,-0.608,1.072,-43.396,94.971,-442.078
13387.648,-1.552,-1.531,0.863,-63.354,151.245,-556.519
13408.056,-1.8,-2.938,0.623,-132.69,178.894,-580.566
13428.464,-1.568,-3.357,0.519,-28.625,179.382,-460.449
13448.872,-1.273,-2.472,1.212,9.094,149.963,-212.097
13469.28,-1.457,-2.945,1.386,-66.406,252.136,-215.21
13489.688,-1.587,-3.723,0.436,36.682,383.789,-168.457
13510.096,-1.352,-3.438,-0.433,82.825,323.914,-26.611
13530.504,-1.087,-2.846,0.341,7.019,218.079,96.985
13550.912,-1.109,-2.719,0.418,10.071,271.912,157.654
13571.32,-1.118,-2.423,0.036,27.588,295.349,214.661
13591.728,-1.039,-1.998,-0.101,62.5,260.925,286.255
13612.136,-1.037,-1.9,-0.001,61.523,238.403,350.403
13632.544,-1.159,-1.364,-0.272,83.374,245.178,418.518
13652.952,-1.158,-0.197,-0.717,145.996,230.896,486.816
13673.36,-0.936,0.414,-1.163,121.887,133.667,415.894
13693.768,-0.528,0.358,-0.967,55.542,44.189,334.961
13714.176,-0.213,0.167,-0.606,17.822,-12.39,257.751
13734.584,-0.025,0.244,-0.418,35.278,-27.1,234.619
13754.992,0.132,0.141,-0.443,26.001,-19.043,193.604
13775.4,0.199,0.131,-0.643,34.485,-56.213,168.945
13795.808,0.374,0.241,-0.304,49.744,-89.417,143.616
13816.216,0.561,0.272,0.024,85.205,-106.445,101.013
13836.624,0.702,0.23,0.236,81.238,-106.812,76.843
13857.032,0.896,0.46,0.479,75.623,-101.563,64.27
13877.44,1.025,0.427,0.663,54.932,-83.679,38.574
13897.848,1.048,-0.004,0.35,16.418,-37.354,18.25
13918.256,1.078,0.122,0.331,7.874,-51.575,39.856
13938.664,1.221,0.388,0.686,19.043,-50.049,29.236
13959.072,1.256,0.429,0.752,18.738,-9.827,-1.404
13979.48,1.203,0.25,0.462,-7.324,25.513,-13.611
13999.888,1.106,0.044,0.003,-31.067,31.433,-13.855
14020.296,1.124,0.104,0.138,-15.015,5.066,-11.597
14040.704,1.107,0.028,0.074,-4.517,11.597,-20.081
14061.112,1.09,0.057,0.131,4.944,8.484,-16.235
14081.52,1.102,0.047,0.107,0.977,11.597,-15.442
14101.928,1.074,-0.051,0.136,-7.751,21.301,-5.249
14122.336,1.014,-0.006,0.011,-7.69,18.616,-0.916
14142.744,0.989,-0.056,0.055,-4.578,11.047,2.441
14163.152,0.957,0.055,0.013,3.723,9.888,6.653
14183.56,0.93,-0.006,0.035,7.996,4.578,0.427
14203.968,0.923,0.01,-0.018,7.08,7.263,3.906
14224.376,0.936,-0.058,0.1,7.019,-0.671,3.296
14244.784,0.95,0,0.079,3.601,5.31,12.451
14265.192,0.959,0.115,0.108,-3.54,9.399,16.785
14285.6,0.943,0.194,0.012,-3.113,15.564,11.414
14306.008,0.95,0.04,-0.039,-5.188,6.165,-2.197
14326.416,0.961,0.049,0.023,3.479,0.244,-1.221
14346.824,0.959,0.066,0.002,6.897,-1.343,-2.747
14367.232,0.99,-0.04,0.07,6.409,-3.662,-3.845
14387.64,1.002,-0.079,0.112,4.883,-2.93,-1.831
14408.048,1.002,-0.037,0.072,7.324,4.578,9.644
14428.456,0.999,0.03,0.053,8.972,1.587,5.127
14448.864,1.016,0.033,0.056,13.55,1.709,2.258
14469.272,0.992,0.062,0.015,14.771,0.366,-2.014
14489.68,1.014,0.017,0.093,12.817,-4.7,-1.16
14510.088,1.015,0,0.073,8.057,0.977,0.488
14530.496,1.018,0.071,0.071,6.104,2.93,5.798
14550.904,1.01,0.04,0.044,6.042,8.85,0.854
14571.312,-0.689,-1.171,0.815,111.389,-37.354,-429.382
14591.72,-0.656,-1.587,1.254,72.998,-16.235,-330.688
14612.128,-0.699,-1.612,1.569,70.496,73.547,-295.532
14632.536,-0.687,-2.038,1.826,63.904,132.568,-286.072
14652.944,-0.723,-2.211,2.024,84.106,179.504,-254.272
14673.352,-1.004,-1.995,1.708,98.877,297.058,-185.364
14693.76,-1.49,-2.37,1.194,113.708,379.883,-181.091
14714.168,-1.977,-2.419,0.937,108.765,401.733,-150.269
14734.576,-2.627,-3.388,0.09,99.731,431.213,-146.851
14754.984,-2.399,-3.599,-0.159,187.927,303.101,23.254
14775.392,-2.221,-1.909,0.467,263.428,214.539,249.329
14795.8,-2.101,-0.726,0.387,221.863,292.053,246.887
14816.208,-2.135,-0.922,-0.487,156.555,352.661,212.769
14836.616,-2.159,-1.013,-0.959,152.405,350.891,225.708
14857.024,-1.956,-1.242,-1.579,157.837,226.929,245.056
14877.432,-1.713,-0.869,-1.339,135.437,65.796,300.232
14897.84,-1.635,-0.857,-1.279,78.186,-36.072,303.955
14918.248,-1.602,-1.044,-1.07,61.218,-96.497,333.13
14938.656,-1.614,-0.376,-0.717,60.608,-164.001,395.325
14959.064,-1.556,-0.389,-0.583,-15.381,-187.622,389.404
14979.472,-1.695,-0.219,-0.648,-25.94,-193.665,429.26
14999.88,-1.707,-0.056,-0.354,-10.01,-249.695,437.561
15020.288,-1.673,0.019,0.163,-5.981,-260.986,435.791
15040.696,-1.868,-0.113,0.385,16.968,-249.084,433.533
15061.104,-2.245,-0.218,0.626,47.546,-267.456,465.82
15081.512,-2.409,0.146,1.08,57.068,-291.748,525.33
15101.92,-2.396,1.162,2.069,45.532,-279.48,613.22
15122.328,-2.013,2.881,2.694,125.122,-205.811,659.607
15142.736,-1.34,3.5,2.57,172.791,-117.188,417.725
15163.144,-1.06,0.771,1.416,88.074,38.635,69.702
15183.552,-1.02,0.063,1.403,26.001,13,192.322
15203.96,-1.141,0.609,2.861,1.953,49.744,304.993
15224.368,-1.107,1.751,2.787,58.655,216.98,337.036
15244.776,-0.972,1.813,2.482,108.826,270.142,259.766
15265.184,-0.86,2.726,2.783,10.986,290.71,231.323
15285.592,-0.689,3.176,2.557,-65.674,349.121,130.615
15306,-0.135,0.922,1.487,-207.336,395.081,-124.756
15326.408,0.18,-0.295,1.21,-256.287,380.188,-106.14
15346.816,0.022,0.095,0.772,-181.213,412.415,40.283
15367.224,-0.231,0.997,-0.158,-51.88,429.565,63.66
15387.632,-0.378,1.705,-0.059,-15.442,342.163,64.819
15408.04,-0.433,1.852,-0.246,18.25,325.317,-26.672
15428.448,-0.404,1.255,-0.393,20.203,253.418,-68.542
15448.856,-0.354,0.888,-0.182,11.414,179.016,-96.497
15469.264,-0.332,0.745,-0.053,4.578,138.855,-104.736
15489.672,-0.225,0.524,0.066,-7.568,119.446,-105.103
15510.08,-0.06,0.595,0.226,-5.249,100.769,-98.572
15530.488,0.005,0.79,0.271,4.883,99.915,-120.483
15550.896,-0.043,0.747,0.055,7.385,111.938,-152.771
15571.304,-0.117,0.635,-0.196,6.836,103.21,-189.941
15591.712,-0.057,0.386,-0.23,-20.691,70.74,-205.75
15612.12,0.009,0.389,-0.126,-26.306,49.011,-196.533
15632.528,0.023,0.379,-0.159,-7.935,48.462,-210.388
15652.936,0.114,0.045,-0.361,-13.611,41.138,-224.67
15673.344,0.201,0.01,-0.315,-13.489,7.385,-192.688
15693.752,0.286,0.214,-0.009,-27.588,-3.845,-175.903
15714.16,0.34,0.208,0.194,-35.339,-0.549,-202.454
15734.568,0.263,-0.024,0.144,-35.034,19.836,-229.187
15754.976,0.216,-0.237,0.141,-54.871,19.897,-240.906
15775.384,0.185,-0.335,0.311,-69.092,15.808,-242.004
15795.792,0.102,-0.319,0.428,-78.43,32.837,-254.7
15816.2,0.011,-0.449,0.431,-99.792,45.105,-288.757
15836.608,-0.151,-0.671,0.452,-112.305,57.678,-306.641
15857.016,-0.397,-0.981,0.249,-130.31,66.528,-325.928
15877.424,-0.565,-0.844,1.093,-180.786,18.921,-328.735
15897.832,-0.949,-1.403,1.6,-166.992,38.269,-413.513
15918.24,-1.515,-3.207,1.094,-178.528,169.312,-515.808
15938.648,-1.351,-4,1.502,-72.571,155.823,-294.556
15959.056,-1.25,-2.878,1.036,47.424,264.771,-38.452
15979.464,-1.119,-2.55,0.661,53.955,304.382,-11.047
15999.872,-1.224,-2.881,-0.04,78.552,336.548,7.69
16020.28,-1.011,-2.776,-0.703,162.476,297.852,101.379
16040.688,-0.827,-2.031,-0.555,155.273,184.204,220.093
16061.096,-0.639,-1.565,-0.22,110.291,164.368,230.774
16081.504,-0.772,-1.822,-0.359,62.561,198.12,252.869
16101.912,-0.845,-1.304,-0.761,95.581,176.575,345.337
16122.32,-0.806,-1.08,-0.745,105.896,123.413,367.859
16142.728,-0.785,-0.396,-0.512,145.081,54.138,409.119
16163.136,-0.526,0.289,-0.619,135.132,27.161,391.235
16183.544,-0.306,0.298,-0.657,71.899,-10.498,315.796
16203.952,-0.168,0.072,-0.623,20.874,-41.382,247.925
16224.36,0.04,0.287,-0.551,55.542,-74.341,220.337
16244.768,0.185,0.358,-0.228,67.139,-97.412,161.438
16265.176,0.342,0.177,-0.135,43.884,-78.735,125.671
16285.584,0.363,0.147,-0.39,35.889,-68.604,110.718
16305.992,0.386,0.17,-0.369,40.222,-90.271,96.13
16326.4,0.55,0.116,0.031,28.259,-110.779,78.43
16346.808,0.645,0.298,0.197,18.188,-98.511,74.524
16367.216,0.721,0.195,0.056,7.08,-75.928,56.03
16387.624,0.826,-0.001,0.069,-10.559,-75.073,53.711
16408.032,0.881,0.181,0.061,-15.564,-72.754,68.42
16428.44,0.961,0.481,0.148,-2.563,-84.473,48.767
16448.848,1.091,0.426,0.478,2.38,-98.877,3.296
16469.256,1.202,0.122,0.642,-18.799,-71.96,-18.982
16489.664,1.321,0.24,0.615,-35.339,-43.091,14.648
16510.072,1.348,0.386,0.682,-13.245,-30.762,-3.235
16530.48,1.331,0.159,0.58,-11.597,-6.287,-29.724
16550.888,1.301,0.014,0.388,-10.925,5.676,-25.452
16571.296,1.249,0.041,0.387,-4.883,8.911,-19.226
16591.704,1.21,-0.034,0.352,-5.493,17.578,-18.433
16612.112,1.117,-0.041,0.159,-20.569,31.006,0.122
16632.52,1.072,0.044,0.144,-26.367,20.325,11.292
16652.928,1.019,0.129,0.087,-22.766,19.531,7.202
16673.336,1,0.111,0.121,-12.39,15.93,0.671
16693.744,0.955,0.037,0.135,-15.503,16.052,-0.854
16714.152,0.933,0.112,0.072,-18.555,14.16,7.69
16734.56,0.914,0.105,0.1,-15.198,13.123,7.019
16754.968,0.882,0.067,-0.015,-12.451,14.709,3.357
16775.376,0.876,0.076,0.028,-4.395,4.578,4.639
16795.784,0.914,0.17,0.067,-0.732,1.526,5.493
16816.192,0.904,0.07,0.034,-1.953,6.836,-6.592
16836.6,0.93,-0.005,0.054,-2.991,1.953,-6.897
16857.008,0.951,0.04,0.078,-6.104,1.648,2.93
16877.416,1,0.079,0.174,-5.859,0.488,3.235
16897.824,1.003,0.066,0.131,-2.014,7.263,1.099
16918.232,1.002,0.033,0.12,-10.071,7.996,3.174
16938.64,1.001,0.09,0.04,-14.221,11.292,6.531
16959.048,1,0.102,0.044,-9.888,8.362,2.075
16979.456,1.005,0.1,0.085,-5.554,3.296,-1.282
16999.864,0.559,-1.084,1.161,116.699,99.487,-414.978
17020.272,0.642,-1.255,1.404,99.304,127.258,-408.63
17040.68,0.462,-1.262,1.722,52.917,222.778,-271.484
17061.088,0.113,-2.095,0.708,-9.766,330.811,-256.531
17081.496,-0.107,-2.404,0.646,22.522,324.768,-211.792
17101.904,-0.661,-2.716,0.252,56.335,366.821,-127.258
17122.312,-1.323,-2.972,-0.249,-4.639,383.606,1.648
17142.72,-1.852,-2.236,-0.823,-26.855,381.958,157.349
17163.128,-1.686,-1.351,-0.512,13.428,282.166,179.81
17183.536,-1.686,-1.146,-1.452,3.357,357.605,177.368
17203.944,-1.514,-1.435,-2.211,29.236,260.132,171.753
17224.352,-1.567,-1.732,-2.473,0.305,168.396,203.552
17244.76,-1.383,-1.433,-1.755,10.498,-32.898,283.813
17265.168,-1.177,-0.294,-1.34,8.911,-83.923,325.195
17285.576,-1.041,-0.141,-1.634,-16.724,-112.122,258.789
17305.984,-1.008,-0.645,-1.558,-13.245,-145.386,213.44
17326.392,-1.15,-0.757,-1.432,48.157,-196.655,232.544
17346.8,-1.343,-0.944,-0.883,55.359,-283.875,253.235
17367.208,-1.577,-0.453,-0.23,25.269,-339.661,329.346
17387.616,-1.701,-0.305,0.018,-34.241,-350.525,363.953
17408.024,-1.994,-0.011,0.313,-38.757,-338.989,401.184
17428.432,-2.075,-0.092,0.677,-9.399,-357.483,390.503
17448.84,-2.539,-0.042,1.009,-9.338,-335.449,455.078
17469.248,-2.672,0.492,1.279,-7.019,-357.849,531.372
17489.656,-2.371,1.286,2.876,-6.409,-375.122,566.772
17510.064,-1.589,1.541,3.763,47.424,-180.237,494.019
17530.472,-1.528,0.647,2.762,117.004,117.126,354.858
17550.88,-1.327,1.527,2.319,215.21,153.87,388.916
17571.288,-1.19,1.2,3.134,117.065,151.367,279.541
17591.696,-1.173,1.228,2.911,102.6,248.474,277.893
17612.104,-1.009,1.99,2.573,68.298,307.312,270.63
17632.512,-0.568,2.344,2.523,30.396,323.12,152.466
17652.92,-0.152,1.39,1.884,-54.382,361.816,40.161
17673.328,0.271,0.7,1.303,-99.792,340.942,26.917
17693.736,0.43,0.631,1.075,-113.647,318.237,55.42
17714.144,0.438,0.66,0.607,-99.365,296.326,93.933
17734.552,0.288,0.975,0.752,-104.065,270.264,126.16
17754.96,0.104,1.323,0.41,-86.792,280.151,118.958
17775.368,0.046,1.391,0.456,-106.75,251.099,93.811
17795.776,-0.247,1.819,0.964,-105.103,253.601,66.406
17816.184,-0.785,1.969,0.453,-14.832,320.679,-27.588
17836.592,-1.016,1.802,-0.415,14.587,341.064,-122.986
17857,-0.804,1.439,-0.88,-9.338,211.975,-167.664
17877.408,-0.646,1.156,0.144,-58.716,62.561,-214.355
17897.816,-0.707,0.743,0.405,-79.956,47.729,-275.391
17918.224,-0.776,0.573,0.281,-61.829,48.34,-309.326
17938.632,-0.848,0.346,-0.034,-65.063,33.447,-347.412
17959.04,-0.809,0.007,0.178,-114.319,-26.001,-350.586
17979.448,-0.738,0.309,0.152,-48.035,-33.386,-314.331
17999.856,-0.735,0.137,0.233,-44.739,-44.983,-339.6
18020.264,-0.642,-0.132,0.296,-22.156,-39.307,-344.36
18040.672,-0.675,0.005,0.415,-0.122,-29.358,-334.412
18061.08,-0.861,-0.32,0.125,15.381,-17.029,-399.109
18081.488,-0.828,-0.949,0.687,-53.833,-72.632,-456.116
18101.896,-0.959,-1.497,1.432,-43.518,4.883,-479.004
18122.304,-1.074,-1.508,0.325,37.781,172.058,-358.093
18142.712,-1.111,-1.995,0.459,-47.974,122.62,-366.272
18163.12,-1.226,-2.481,0.96,-48.035,116.455,-356.018
18183.528,-1.294,-3.141,0.999,9.949,169.556,-306.519
18203.936,-1.184,-3.035,0.539,68.176,216.125,-160.461
18224.344,-1.128,-2.915,1.076,2.38,216.736,-64.453
18244.752,-1.147,-2.985,0.551,-0.916,298.645,-26.855
18265.16,-1.108,-2.783,-0.331,57.617,314.758,43.884
18285.568,-0.964,-2.753,0.369,6.653,222.412,125.244
18305.976,-1.159,-2.494,0.757,-8.423,256.836,188.477
18326.384,-1.3,-2.3,0.677,-10.681,334.839,253.174
18346.792,-1.44,-1.62,0.166,58.105,373.474,331.604
18367.2,-1.385,-1.167,-0.27,94.788,367.554,366.028
18387.608,-1.179,-0.658,-0.842,141.479,335.571,373.718
18408.016,-0.811,-0.245,-1.085,146.851,190.491,334.595
18428.424,-0.598,-0.248,-0.807,86.304,64.087,269.653
18448.832,-0.412,-0.364,-0.341,54.81,46.814,256.165
18469.24,-0.266,-0.236,-0.47,61.401,64.148,246.216
18489.648,-0.202,-0.213,-0.637,50.903,61.096,238.525
18510.056,-0.196,0.012,-0.85,48.828,51.331,236.206
18530.464,-0.08,0.146,-0.784,44.25,-0.793,193.481
18550.872,0.088,0.387,-0.571,71.228,-25.94,153.137
18571.28,0.156,0.334,-0.633,67.322,-33.203,107.849
18591.688,0.315,0.164,-0.406,54.81,-73.73,72.632
18612.096,0.413,0.286,-0.207,54.749,-77.515,82.336
18632.504,0.474,0.449,-0.408,59.998,-70.801,72.388
18652.912,0.701,0.57,-0.039,57.739,-126.648,47.791
18673.32,0.891,0.799,0.316,55.237,-145.996,24.658
18693.728,1.158,0.499,0.713,22.095,-108.887,-11.108
18714.136,1.325,0.521,0.64,6.714,-63.538,-3.235
18734.544,1.349,0.344,0.5,-22.156,-40.894,-10.437
18754.952,1.323,0.377,0.229,-24.292,-23.621,-9.644
18775.36,1.295,0.21,0.136,-8.667,-18.433,-30.884
18795.768,1.304,0.036,0.179,-11.719,-1.526,-29.175
18816.176,1.317,0.139,0.132,-0.916,-3.723,-18.066
18836.584,1.265,0.074,0.037,7.324,10.864,-30.151
18856.992,1.237,-0.035,0.12,9.949,7.263,-18.799
18877.4,1.161,0.032,-0.021,12.207,22.766,-13.123
18897.808,1.057,-0.064,-0.136,7.568,18.921,-5.676
18918.216,1.052,0.014,-0.09,6.409,7.812,5.92
18938.624,1.023,0.14,0.096,-0.977,10.925,7.629
18959.032,0.97,0.1,-0.102,-7.935,21.912,-0.916
18979.44,0.938,0.043,-0.1,1.587,18.433,-4.517
18999.848,0.94,-0.003,-0.133,11.597,13.916,-4.639
19020.256,0.958,0.003,-0.006,2.075,11.536,8.24
19040.664,0.925,0.042,-0.078,-2.625,15.32,6.47
19061.072,0.906,0.012,-0.125,7.446,10.681,0.854
19081.48,0.921,-0.016,-0.094,11.841,6.775,-0.793
19101.888,0.935,0.037,-0.057,20.874,9.949,-1.221
19122.296,0.901,0.022,-0.143,14.465,8.301,1.953
19142.704,0.933,0.107,-0.15,10.925,4.272,5.737
19163.112,0.95,0.074,-0.019,8.789,2.136,-1.953
19183.52,0.956,0.081,-0.202,7.446,7.69,-3.113
19203.928,0.985,0.045,-0.116,5.92,-3.479,-4.761
19224.336,1.022,0.039,-0.102,4.456,1.648,-3.601
19244.744,1.017,-0.027,-0.112,2.014,-15.564,-1.526
19265.152,1.017,0.093,-0.092,2.136,0.671,1.953
19285.56,1.011,0.015,-0.083,0.977,-2.93,-7.69
19305.968,1.023,0.001,-0.063,4.028,0.732,-5.127
19326.376,1.017,-0.044,-0.042,4.761,-0.366,-6.226
19346.784,1.008,0.044,-0.114,6.409,8.24,0.793
19367.192,0.996,-0.02,-0.097,4.578,3.723,-2.319
19387.6,0.988,0.006,-0.094,4.944,3.418,0.977
19408.008,0.99,0.012,-0.074,4.944,1.648,-0.183
19428.416,-0.334,-0.888,1.627,146.423,-29.114,-408.813
19448.824,-0.541,-1.153,1.466,178.65,58.289,-429.504
19469.232,-0.864,-1.938,1.482,137.329,98.206,-464.172
19489.64,-1.08,-2.631,2.346,75.989,155.823,-335.022
19510.048,-1.475,-2.281,1.372,157.41,389.954,-196.899
19530.456,-1.566,-2.473,0.332,181.824,454.529,-183.594
19550.864,-1.576,-2.804,0.167,155.457,377.258,-103.394
19571.272,-1.747,-2.667,0.245,153.992,350.769,-0.61
19591.68,-1.83,-2.513,0.32,141.541,339.172,64.27
19612.088,-1.912,-1.824,-0.113,132.996,338.806,165.283
19632.496,-1.846,-1.647,-0.102,87.952,286.438,204.102
19652.904,-1.824,-1.528,-0.062,124.695,286.926,228.455
19673.312,-2.102,-1.797,-0.95,86.121,365.967,254.028
19693.72,-1.868,-1.084,-1.838,163.757,198.853,335.937
19714.128,-1.765,-0.932,-1.357,118.469,53.467,327.393
19734.536,-1.622,-0.772,-1.194,96.497,-29.175,348.511
19754.944,-1.527,-0.559,-1.172,46.936,-106.934,373.718
19775.352,-1.491,-0.078,-0.592,42.297,-169.373,407.043
19795.76,-1.339,0.337,-0.596,38.025,-163.879,405.579
19816.168,-1.149,0.481,-0.464,18.555,-205.688,347.778
19836.576,-0.952,0.332,-0.163,15.076,-232.605,296.082
19856.984,-0.826,0.351,0.139,21.423,-247.864,284.18
19877.392,-0.698,0.494,0.25,55.176,-223.389,247.62
19897.8,-0.627,0.161,0.263,69.946,-218.506,183.35
19918.208,-0.599,-0.137,0.371,73.486,-224.792,166.138
19938.616,-0.704,-0.281,0.468,84.534,-221.68,192.322
19959.024,-0.834,-0.161,0.649,110.229,-261.108,230.347
19979.432,-0.937,-0.089,1.266,120.178,-330.139,247.009
19999.84,-0.805,0.296,2.839,83.923,-361.389,292.358
20020.248,-0.822,0.961,3.35,86.487,-186.401,306.335
20040.656,-0.683,0.975,3.005,105.347,-66.223,275.391
20061.064,-0.627,0.572,3.116,100.403,-5.249,213.989
20081.472,-0.66,0.564,3.207,99.915,43.762,240.356
20101.88,-0.478,0.295,3.43,51.453,92.59,251.16
20122.288,-0.529,0.957,3.891,48.401,206.848,355.774
20142.696,-0.662,1.483,2.817,19.348,372.498,344.116
20163.104,-0.45,1.071,0.821,0.305,396.301,196.655
20183.512,0.051,0.408,0.686,-59.509,280.396,143.127
20203.92,0.18,0.711,0.685,-75.623,213.623,195.984
20224.328,0.138,0.943,0.755,-84.473,199.28,180.42
20244.736,0.023,0.871,0.713,-114.929,222.107,137.146
20265.144,-0.125,1.174,0.668,-119.629,244.751,136.719
20285.552,-0.383,1.771,0.148,-85.144,286.011,115.784
20305.96,-0.452,1.63,-0.261,-52.429,248.413,4.456
20326.368,-0.406,1.526,-0.347,-14.893,194.946,-34.302
20346.776,-0.238,1.441,-0.172,12.146,107.91,-76.294
20367.184,-0.228,1.231,0.334,-11.719,64.148,-121.521
20387.592,-0.29,1.182,0.429,-13.062,87.463,-154.297
20408,-0.446,1.098,0.172,-6.592,127.197,-218.689
20428.408,-0.567,0.756,-0.05,-21.301,107.361,-280.884
20448.816,-0.614,0.453,-0.073,-52.856,68.665,-305.969
20469.224,-0.558,0.264,-0.084,-54.81,36.194,-299.316
20489.632,-0.526,0.316,0.153,-32.776,-0.671,-296.021
20510.04,-0.577,0.243,-0.104,-6.287,10.01,-321.411
20530.448,-0.521,0.018,-0.097,-25.818,-9.583,-336.182
20550.856,-0.464,-0.076,0.2,-31.189,-36.377,-309.998
20571.264,-0.502,0.287,0.336,-16.663,-32.41,-308.35
20591.672,-0.848,-0.143,0.458,-26.062,-27.283,-390.137
20612.08,-1.004,-0.617,0.476,-44.189,-46.326,-448.608
20632.488,-1.157,-1.169,1.011,-61.951,-59.265,-469.666
20652.896,-1.366,-1.889,1.523,-98.877,-13.916,-464.844
20673.304,-1.284,-2.432,1.89,-52.49,56.091,-372.925
20693.712,-1.296,-2.878,1.505,-30.151,177.368,-304.443
20714.12,-1.102,-2.993,1.313,-26.733,210.327,-239.624
20734.528,-0.917,-2.648,0.889,17.639,237.427,-118.958
20754.936,-0.842,-2.88,0.568,-4.395,234.863,-79.712
20775.344,-0.743,-2.904,0.59,-12.329,203.735,7.935
20795.752,-0.641,-2.707,0.858,8.911,199.402,49.683
20816.16,-0.683,-2.793,0.705,19.043,242.065,101.929
20836.568,-0.747,-2.522,0.368,61.707,268.494,171.753
20856.976,-0.729,-1.903,0.167,92.285,248.779,256.714
20877.384,-0.818,-1.55,-0.034,39.063,252.258,312.195
20897.792,-0.814,-1.022,-0.426,51.086,250.916,356.873
20918.2,-0.64,-0.833,-0.36,-8.85,193.298,350.159
20938.608,-0.568,-0.351,-0.259,-14.343,188.66,367.737
20959.016,-0.427,-0.022,-0.347,-26.367,205.2,331.909
20979.424,-0.257,0.135,-0.643,-32.166,210.083,289.307
20999.832,-0.128,0.203,-1.142,-16.235,156.067,217.041
21020.24,0.106,0.037,-0.896,-3.479,42.419,150.452
21040.648,0.228,0.136,-0.644,27.954,2.563,130.737
21061.056,0.396,0.342,-0.456,66.711,-24.353,94.727
21081.464,0.511,0.309,-0.401,76.477,-39.978,62.439
21101.872,0.765,0.221,-0.036,64.148,-69.946,45.044
21122.28,1.012,0.489,0.289,61.218,-82.581,38.269
21142.688,1.13,0.417,0.457,59.143,-69.519,10.498
21163.096,1.198,0.063,0.509,21.301,-23.56,3.723
21183.504,1.177,0.321,0.183,18.738,1.77,25.94
21203.912,1.126,0.42,-0.004,13.489,-1.526,-3.357
21224.32,1.137,0.155,-0.04,13.123,-3.906,-27.527
21244.728,1.152,-0.045,0.047,2.502,-4.272,-12.634
21265.136,1.114,0.026,-0.036,-6.836,2.747,-1.038
21285.544,1.106,0.073,-0.126,-9.888,5.859,0.549
21305.952,1.063,-0.009,-0.11,-7.263,-1.099,-4.15
21326.36,1.038,0.03,-0.079,-2.869,1.465,-0.977
21346.768,1.021,-0.062,-0.042,-4.822,-1.892,-3.784
21367.176,1.012,0.016,0.083,-0.366,5.249,4.211
21387.584,0.981,-0.123,0.005,-2.869,14.099,0.671
21407.992,0.969,-0.06,-0.053,-2.197,17.334,9.705
21428.4,0.917,-0.042,-0.147,3.235,13.794,7.874
21448.808,0.912,-0.051,-0.157,9.705,3.784,3.357
21469.216,0.938,-0.058,-0.106,10.376,2.93,6.226
21489.624,0.954,-0.001,-0.102,9.46,5.188,6.287
21510.032,0.963,-0.049,-0.083,8.606,6.287,9.521
21530.44,0.973,0.009,-0.114,9.521,3.54,8.972
21550.848,0.999,0.101,-0.047,6.531,-0.916,8.85
21571.256,1.01,0.083,-0.027,2.014,-0.854,1.038
21591.664,0.987,0.021,-0.1,6.653,-0.122,-3.784
21612.072,1.001,0.027,-0.08,4.883,1.16,0.366
21632.48,0.995,0.025,-0.077,4.089,0.244,-1.404
21652.888,1,0.029,-0.083,2.686,6.287,0.244
21673.296,0.994,0.008,-0.076,3.235,4.883,-2.38
21693.704,0.994,-0.045,-0.1,2.808,5.676,-3.113
21714.112,0.997,-0.051,-0.089,2.808,6.348,-0.061
21734.52,0.978,-0.013,-0.126,3.418,6.042,1.343
21754.928,0.986,0.04,-0.098,0.61,2.075,1.221
21775.336,0.97,-0.055,-0.104,2.441,2.502,-2.014
21795.744,0.97,-0.008,-0.113,4.456,0.305,2.502
21816.152,0.973,-0.055,-0.058,2.563,-1.099,1.709
21836.56,0.983,-0.017,-0.094,2.808,4.272,4.944
21856.968,1.315,0.089,1.404,35.522,-25.696,-213.745
21877.376,1.15,-0.459,1.3,5.737,67.81,-276.733
21897.784,0.952,-1.445,1.077,-67.993,81.848,-270.813
21918.192,0.877,-2.135,1.196,-134.766,124.084,-210.327
21938.6,0.658,-2.076,0.999,-53.345,223.389,-131.653
21959.008,0.32,-2.36,-0.083,-31.738,263.245,-108.765
21979.416,0.358,-1.792,-0.535,-4.761,217.102,7.874
21999.824,0.288,-1.357,-0.469,-30.273,172.485,25.696
22020.232,0.16,-1.355,-0.588,-15.015,166.016,22.949
22040.64,0.028,-1.603,-1.119,18.433,173.096,27.954
22061.048,-0.052,-1.408,-1.541,11.23,118.103,96.863
22081.456,-0.019,-0.982,-1.422,2.441,54.26,124.084
22101.864,-0.084,-0.929,-1.19,-35.4,3.54,118.958
22122.272,-0.196,-0.724,-1.323,-52.979,-15.503,127.625
22142.68,-0.348,-0.765,-1.193,-60.73,-76.538,123.413
22163.088,-0.482,-1.039,-0.93,-41.138,-126.953,126.77
22183.496,-0.63,-1.361,-0.788,-73.853,-149.048,158.02
22203.904,-0.936,-1.006,-0.649,-105.103,-163.452,265.198
22224.312,-1.126,-0.497,-0.609,-105.774,-196.411,324.585
22244.72,-1.552,-0.335,-0.611,-106.14,-239.258,363.831
22265.128,-1.906,-0.314,0.017,-109.436,-321.35,413.757
22285.536,-1.876,0.305,0.626,-83.862,-334.229,477.905
22305.944,-1.377,1.001,1.111,-33.386,-292.725,453.369
22326.352,-0.971,0.731,1.362,8.606,-193.787,339.417
22346.76,-0.864,0.218,1.856,7.263,-158.02,307.556
22367.168,-0.866,0.949,1.612,106.262,-21.729,333.252
22387.576,-0.649,0.937,1.217,173.706,-10.803,291.931
22407.984,-0.69,0.459,1.537,174.377,-28.015,200.745
22428.392,-0.862,-0.089,2.107,143.433,-12.939,239.624
22448.8,-0.967,0.257,2.756,88.379,24.658,340.576
22469.208,-0.999,0.502,2.454,85.632,99.243,364.014
22489.616,-1.369,0.349,1.484,74.951,129.944,365.234
22510.024,-1.572,1.01,1.366,146.79,91.309,417.053
22530.432,-1.662,1.861,2.915,85.022,-43.762,438.171
22550.84,-1.459,2.699,3.763,-65.491,32.959,323.486
22571.248,-1.339,1.734,3.029,-101.379,197.815,114.136
22591.656,-1.178,1.239,1.35,-28.687,281.494,50.72
22612.064,-0.763,1.129,1.014,-53.467,195.74,16.541
22632.472,-0.239,1.161,1.399,-104.248,157.837,2.808
22652.88,-0.144,0.865,0.886,-164.124,190.674,-39.368
22673.288,0.05,0.601,0.589,-196.228,177.734,-65.43
22693.696,0.312,0.957,1.165,-271.057,130.066,-52.917
22714.104,0.077,1.317,1.101,-288.818,204.102,-111.938
22734.512,-0.12,1.16,0.45,-253.601,274.231,-187.439
22754.92,-0.178,0.501,-0.474,-154.175,284.485,-262.085
22775.328,-0.111,0.161,-0.625,-6.714,193.97,-226.99
22795.736,-0.023,0.308,-0.369,81.055,136.169,-183.105
22816.144,-0.176,1.017,-0.485,170.959,131.531,-158.752
22836.552,-0.327,0.971,-0.986,152.039,106.628,-226.624
22856.96,-0.29,0.45,-0.478,42.48,29.175,-253.723
22877.368,-0.26,0.401,0.498,-14.832,-28.503,-213.806
22897.776,-0.447,0.586,0.348,21.179,53.528,-234.436
22918.184,-0.509,0.259,0.078,-9.521,54.688,-269.775
22938.592,-0.42,0.236,0.437,-25.757,-13.977,-254.639
22959,-0.485,0.627,0.743,12.634,-6.653,-265.442
22979.408,-0.628,0.383,0.593,17.822,19.897,-326.355
22999.816,-0.729,-0.229,0.676,-5.005,8.911,-381.836
23020.224,-0.791,-0.542,1.007,10.681,11.353,-375.61
23040.632,-0.848,-0.487,1.097,30.579,36.926,-349.548
23061.04,-1.157,-0.611,1.019,19.043,86.365,-368.591
23081.448,-1.393,-1.156,1.025,15.808,109.314,-444.275
23101.856,-1.692,-1.549,1.03,2.319,131.836,-522.461
23122.264,-1.622,-2.562,1.133,-18.066,172.913,-411.499
23142.672,-1.52,-2.5,0.924,29.297,246.521,-265.93
23163.08,-1.495,-2.673,0.638,31.128,281.555,-226.257
23183.488,-1.375,-3.32,0.418,26.978,275.452,-183.411
23203.896,-1.212,-2.887,0.302,35.889,262.085,-15.32
23224.304,-1.096,-2.305,0.316,45.959,231.75,31.25
23244.712,-1.204,-2.889,0.6,-10.437,225.891,17.09
23265.12,-1.397,-2.968,0.59,-11.597,265.198,112.732
23285.528,-1.476,-2.338,0.32,8.301,283.997,204.895
23305.936,-1.464,-1.88,0.056,52.307,287.048,248.596
23326.344,-1.363,-1.444,-0.394,71.594,272.949,275.696
23346.752,-1.218,-1.212,-0.6,86.548,212.463,283.691
23367.16,-0.906,-0.948,-0.62,92.773,142.578,281.738
23387.568,-0.662,-0.798,-0.177,94.482,68.176,276.611
23407.976,-0.543,-0.578,-0.089,96.313,65.979,289.917
23428.384,-0.369,-0.302,-0.269,77.82,70.679,284.851
23448.792,-0.188,-0.293,-0.272,38.879,56.152,261.047
23469.2,-0.108,-0.155,-0.242,46.326,60.669,260.986
23489.608,0.055,0.265,-0.444,88.684,57.007,242.432
23510.016,0.235,0.265,-0.592,94.849,13.977,161.133
23530.424,0.355,-0.063,-0.349,82.397,-25.024,115.845
23550.832,0.503,-0.057,-0.026,81.482,-38.757,133.606
23571.24,0.629,0.294,0.186,81.97,-36.926,138.672
23591.648,0.691,0.441,0.235,59.204,-15.259,127.686
23612.056,0.754,0.401,-0.064,22.766,17.761,95.52
23632.464,0.768,0.384,-0.245,21.179,10.315,80.627
23652.872,0.841,0.433,-0.065,21.606,-34.668,67.383
23673.28,0.932,0.455,0.216,23.621,-34.485,54.626
23693.688,0.979,0.566,0.097,20.264,-12.512,49.5
23714.096,1.011,0.672,-0.065,15.32,-14.282,20.447
23734.504,1.038,0.593,-0.085,16.296,-22.522,-4.883
23754.912,1.112,0.2,0.113,-6.592,-30.701,-23.132
23775.32,1.181,0.336,0.104,-29.419,-17.7,5.371
23795.728,1.185,0.464,0.139,-12.451,-16.968,1.221
23816.136,1.177,0.226,0.082,-4.7,0.549,-24.78
23836.544,1.18,0.206,0.094,5.066,2.502,-17.883
23856.952,1.126,0.237,-0.017,6.775,15.137,-18.616
23877.36,1.089,0.126,-0.05,14.282,7.263,-25.208
23897.768,1.078,0.115,-0.009,13.733,9.766,-19.043
23918.176,1.042,0.003,-0.006,2.38,14.709,-14.893
23938.584,1.005,0.044,-0.043,-3.235,16.235,-1.343
23958.992,0.969,0.08,-0.094,-1.038,17.456,-2.502
23979.4,0.938,0.011,-0.1,5.432,13.916,-2.319
23999.808,0.919,0.072,-0.149,7.019,14.099,0.427
24020.216,0.904,0.057,-0.112,4.822,9.277,1.709
24040.624,0.897,0.104,-0.212,1.526,9.216,1.587
24061.032,0.9,0.019,-0.195,1.587,1.038,-1.16
24081.44,0.945,0.13,-0.117,8.484,-1.16,2.869
24101.848,0.955,0.071,-0.094,5.859,-0.488,-1.221
24122.256,0.971,0.082,-0.076,4.333,-0.854,2.991
24142.664,0.988,0.114,-0.094,4.7,2.197,4.395
24163.072,0.999,0.132,-0.049,8.545,1.038,0.916
24183.48,0.999,0.106,-0.144,12.268,6.531,-2.93
24203.888,1.008,0.111,-0.121,8.667,1.648,-2.319
24224.296,1.019,0.086,-0.054,8.545,-0.61,-7.08
24244.704,1.006,0.066,-0.068,13.489,2.197,-7.629
24265.112,1.014,0.009,-0.121,16.846,3.418,-10.559
